<?xml version="1.0"?>
<doc>
    <assembly>
        <name>SmartSignal.Client.Control</name>
    </assembly>
    <members>
        <member name="T:SmartSignal.Com.EPICenter.Service.Client.AsyncImage">
            <summary>
            User Control used to display an image that is retrieved asynchronously from a web service.
            </summary>
        </member>
        <member name="M:SmartSignal.Com.EPICenter.Service.Client.AsyncImage.#ctor">
            <summary>
            Default constructurer for user control
            </summary>
        </member>
        <member name="M:SmartSignal.Com.EPICenter.Service.Client.AsyncImage.OnCreateControl">
            <summary>
            Event handler invoked when the control is created.  Basically, after calling
            the base user control, we add an event handler to the parent control so we'll
            be called when the form closes (so we can abort any image retrievals that are
            currently in progress).
            </summary>
        </member>
        <member name="M:SmartSignal.Com.EPICenter.Service.Client.AsyncImage.LoadImage(SmartSignal.Com.EPICenter.Service.Contract.SessionInformation,System.Guid)">
            <summary>
            Retrieve the image from the database given the id of the item table row corresponding to the desired image.
            </summary>
            <param name="sessionInfo">
            Information needed for making the web service call to retrieve the image
            </param>
            <param name="imageId">
            The id of the row in the item table associated with the desired image.
            </param>
        </member>
        <member name="M:SmartSignal.Com.EPICenter.Service.Client.AsyncImage.LoadImage(SmartSignal.Com.EPICenter.Service.Contract.SessionInformation,System.Collections.Generic.List{System.Guid})">
            <summary>
            Method used for testing that retrieves multiple images.
            </summary>
        </member>
        <member name="P:SmartSignal.Com.EPICenter.Service.Client.AsyncImage.FitToDimensions">
            <summary>
            Boolean value that controls whether the image should be displayed in its
            original size, or converted to a thumbnail the size of the picture box control.
            </summary>
        </member>
        <member name="M:SmartSignal.Com.EPICenter.Service.Client.AsyncImage.ReceiveResultsOnGuiThread(System.Object)">
            <summary>
            Callback method used to transfer retrieved image into user control in the GUI thread.
            </summary>
            <param name="genericParameters"></param>
        </member>
        <member name="M:SmartSignal.Com.EPICenter.Service.Client.AsyncImage.ThumbnailCallback">
            <summary>
            Dummy callback routine for GetThumbnailImage call.
            </summary>
            <returns></returns>
        </member>
        <member name="E:SmartSignal.Com.EPICenter.Service.Client.AsyncImage.CClick">
            <summary>
            Event handler used to catch clicks on the control.
            </summary>
        </member>
        <member name="M:SmartSignal.Com.EPICenter.Service.Client.AsyncImage.UserControl1_Click(System.Object,System.EventArgs)">
            <summary>
            Event handler user to catch click events on the picture box OR the label.
            All this does is to call any handlers in the CClick event handler list.
            </summary>
            <param name="sender"></param>
            <param name="e"></param>
        </member>
        <member name="F:SmartSignal.Com.EPICenter.Service.Client.AsyncImage.components">
            <summary> 
            Required designer variable.
            </summary>
        </member>
        <member name="M:SmartSignal.Com.EPICenter.Service.Client.AsyncImage.Dispose(System.Boolean)">
            <summary> 
            Clean up any resources being used.
            </summary>
            <param name="disposing">true if managed resources should be disposed; otherwise, false.</param>
        </member>
        <member name="M:SmartSignal.Com.EPICenter.Service.Client.AsyncImage.InitializeComponent">
            <summary> 
            Required method for Designer support - do not modify 
            the contents of this method with the code editor.
            </summary>
        </member>
        <member name="F:SmartSignal.Com.EPICenter.Service.Client.ClientMachineSpecificationsControl.components">
            <summary> 
            Required designer variable.
            </summary>
        </member>
        <member name="M:SmartSignal.Com.EPICenter.Service.Client.ClientMachineSpecificationsControl.Dispose(System.Boolean)">
            <summary> 
            Clean up any resources being used.
            </summary>
            <param name="disposing">true if managed resources should be disposed; otherwise, false.</param>
        </member>
        <member name="M:SmartSignal.Com.EPICenter.Service.Client.ClientMachineSpecificationsControl.InitializeComponent">
            <summary> 
            Required method for Designer support - do not modify 
            the contents of this method with the code editor.
            </summary>
        </member>
        <member name="T:SmartSignal.Com.EPICenter.Service.Client.CompanyBackgroundImage">
            <summary>
            Enumeration for use along with the <see cref="T:SmartSignal.Com.EPICenter.Service.Client.ImageLibrary"/> class for
            obtaining standard images.
            </summary>
        </member>
        <member name="F:SmartSignal.Com.EPICenter.Service.Client.CompanyBackgroundImage.LogoLight">
            <summary>
            SmartSignal logo with a brighter/lighter color palatte, best for
            use against dark backgrounds.
            </summary>
        </member>
        <member name="F:SmartSignal.Com.EPICenter.Service.Client.CompanyBackgroundImage.LogoDark">
            <summary>
            SmartSignal logo with a darker color palatte, best for use against light
            backgrounds.
            </summary>
        </member>
        <member name="F:SmartSignal.Com.EPICenter.Service.Client.CompanyBackgroundImage.LogoDarkerSemitransparent">
            <summary>
            SmartSignal logo with a darker color palatte, best for use against light
            backgrounds. This image also has some transparency to show the background
            color/image through.
            </summary>
        </member>
        <member name="T:SmartSignal.Com.EPICenter.Service.Client.ImageLibrary">
            <summary>
            Library for shared containment and retrieval of common/standard images retrieved
            into <see cref="T:System.Drawing.Image"/> instances.
            </summary>
        </member>
        <member name="M:SmartSignal.Com.EPICenter.Service.Client.ImageLibrary.GetImage(SmartSignal.Com.EPICenter.Service.Client.CompanyBackgroundImage)">
            <summary>
            Get an <see cref="T:System.Drawing.Image"/> from the image library which corresponds with the
            provided key
            </summary>
            <param name="key">
            Key which identifies a particular <see cref="T:System.Drawing.Image"/>
            </param>
            <returns>
            An <see cref="T:System.Drawing.Image"/> from the image library, or null if no
            corresponding image exists in the image library.
            </returns>
        </member>
        <member name="T:SmartSignal.Com.EPICenter.Service.Client.ImageLibraryResources">
            <summary>
              A strongly-typed resource class, for looking up localized strings, etc.
            </summary>
        </member>
        <member name="P:SmartSignal.Com.EPICenter.Service.Client.ImageLibraryResources.ResourceManager">
            <summary>
              Returns the cached ResourceManager instance used by this class.
            </summary>
        </member>
        <member name="P:SmartSignal.Com.EPICenter.Service.Client.ImageLibraryResources.Culture">
            <summary>
              Overrides the current thread's CurrentUICulture property for all
              resource lookups using this strongly typed resource class.
            </summary>
        </member>
        <member name="P:SmartSignal.Com.EPICenter.Service.Client.ImageLibraryResources.CompanyBackgroundImage_LogoDark">
            <summary>
              Looks up a localized resource of type System.Drawing.Bitmap.
            </summary>
        </member>
        <member name="P:SmartSignal.Com.EPICenter.Service.Client.ImageLibraryResources.CompanyBackgroundImage_LogoDarkerSemiTransparent">
            <summary>
              Looks up a localized resource of type System.Drawing.Bitmap.
            </summary>
        </member>
        <member name="P:SmartSignal.Com.EPICenter.Service.Client.ImageLibraryResources.CompanyBackgroundImage_LogoLight">
            <summary>
              Looks up a localized resource of type System.Drawing.Bitmap.
            </summary>
        </member>
        <member name="T:SmartSignal.Com.EPICenter.Service.Client.ItemTreeViewSearch">
            <summary>
            Performs a search on a Windows Forms TreeView if the Tag of each node is an ItemMinimal.
            </summary>
        </member>
        <member name="P:SmartSignal.Com.EPICenter.Service.Client.ItemTreeViewSearch.TreeView">
            <summary>
            The TreeView to search.
            IMPORTANT: If you add/modify/remove nodes from the tree, you need to set this again or call ClearCache()
            since search caches the nodes for performance.
            </summary>
        </member>
        <member name="M:SmartSignal.Com.EPICenter.Service.Client.ItemTreeViewSearch.ClearCache">
            <summary>
            IMPORTANT: If you add/modify/remove nodes from the tree, you need to call ClearCache()
            since search caches the nodes for performance.
            This is a fast call, so it is safe to call whenever there is a change.
            </summary>
        </member>
        <member name="P:SmartSignal.Com.EPICenter.Service.Client.ItemTreeViewSearch.SearchTerm">
            <summary>
            The text to search for. Set this before calling any of the Search methods.
            </summary>
        </member>
        <member name="P:SmartSignal.Com.EPICenter.Service.Client.ItemTreeViewSearch.DoNotCache">
            <summary>
            True if you want the tree information re-read at the start of each search call.
            (Default) False if you want the tree information cached and you'll call ClearCache when nodes are added, removed, or modified.
            </summary>
        </member>
        <member name="P:SmartSignal.Com.EPICenter.Service.Client.ItemTreeViewSearch.WholeMatch">
            <summary>
            True if the entire name or guid must match.
            False if the entire SearchTerm matches a portion or all of the item name or guid.
            </summary>
        </member>
        <member name="P:SmartSignal.Com.EPICenter.Service.Client.ItemTreeViewSearch.CaseSensitive">
            <summary>
            True if upper and lower case must match exactly.
            False if upper and lower case differences are ignored.
            </summary>
        </member>
        <member name="P:SmartSignal.Com.EPICenter.Service.Client.ItemTreeViewSearch.ExcludeId">
            <summary>
            True to search the id of the item.
            </summary>
        </member>
        <member name="P:SmartSignal.Com.EPICenter.Service.Client.ItemTreeViewSearch.WrapAround">
            <summary>
            True to start searching from the top if you are at the bottom of the tree.
            Or to start searching from the bottom of the tree if you are at the top and are searching for the previous match.
            False if the search should stop if the node isn't found before hitting the bottom or the top.
            </summary>
        </member>
        <member name="M:SmartSignal.Com.EPICenter.Service.Client.ItemTreeViewSearch.#ctor(System.Windows.Forms.TreeView,System.String)">
            <summary>
            Constructor
            </summary>
        </member>
        <member name="M:SmartSignal.Com.EPICenter.Service.Client.ItemTreeViewSearch.SearchSelectAndShowFromTheTop">
            <summary>
            Search starting from the top of the tree.
            If found, select the node and make sure it is shown.
            </summary>
            <returns>True if found, false is not.</returns>
        </member>
        <member name="M:SmartSignal.Com.EPICenter.Service.Client.ItemTreeViewSearch.SearchSelectAndShowFromTheBottom">
            <summary>
            Search starting from the bottom of the tree.
            If found, select the node and make sure it is shown.
            </summary>
            <returns>True if found, false is not.</returns>
        </member>
        <member name="M:SmartSignal.Com.EPICenter.Service.Client.ItemTreeViewSearch.SearchSelectAndShowNext">
            <summary>
            Search down starting after the currently selected node (or from the top if nothing is selected).
            If found, select the node and make sure it is shown.
            </summary>
            <returns>True if found, false is not.</returns>
        </member>
        <member name="M:SmartSignal.Com.EPICenter.Service.Client.ItemTreeViewSearch.SearchSelectAndShowPrevious">
            <summary>
            Search up starting before the currently selected node (or from the bottom if nothing is selected).
            If found, select the node and make sure it is shown.
            </summary>
            <returns>True if found, false is not.</returns>
        </member>
        <member name="M:SmartSignal.Com.EPICenter.Service.Client.ItemTreeViewSearch.SearchFromTop">
            <summary>
            Search starting from the top of the tree.
            Does not affect the current selection or show the node if found.
            </summary>
            <returns>First node found, or null if not found.</returns>
        </member>
        <member name="M:SmartSignal.Com.EPICenter.Service.Client.ItemTreeViewSearch.SearchFromBottom">
            <summary>
            Search starting from the bottom of the tree.
            Does not affect the current selection or show the node if found.
            </summary>
            <returns>Last node found, or null if not found.</returns>
        </member>
        <member name="M:SmartSignal.Com.EPICenter.Service.Client.ItemTreeViewSearch.SearchNext">
            <summary>
            Search down starting after the currently selected node, or the top of the tree if no node is selected.
            Does not affect the current selection or show the node if found.
            </summary>
            <returns>Next node found, or null if not found.</returns>
        </member>
        <member name="M:SmartSignal.Com.EPICenter.Service.Client.ItemTreeViewSearch.SearchNext(System.Windows.Forms.TreeNode)">
            <summary>
            Search down starting after the specified node, or the top of the tree if a valid node is not provided.
            Does not affect the current selection or show the node if found.
            </summary>
            <returns>Next node found, or null if not found.</returns>
        </member>
        <member name="M:SmartSignal.Com.EPICenter.Service.Client.ItemTreeViewSearch.SearchPrevious">
            <summary>
            Search up starting before the currently selected node, or the bottom of the tree if no node is selected.
            Does not affect the current selection or show the node if found.
            </summary>
            <returns>Previous node found, or null if not found.</returns>
        </member>
        <member name="M:SmartSignal.Com.EPICenter.Service.Client.ItemTreeViewSearch.SearchPrevious(System.Windows.Forms.TreeNode)">
            <summary>
            Search up starting before the specified node, or the bottom of the tree if a valid node is not provided.
            Does not affect the current selection or show the node if found.
            </summary>
            <returns>Previous node found, or null if not found.</returns>
        </member>
        <member name="T:SmartSignal.Com.EPICenter.Service.Client.MemoryMonitor">
            <summary>
            Class used to monitor memory usage
            </summary>
        </member>
        <member name="M:SmartSignal.Com.EPICenter.Service.Client.MemoryMonitor.#ctor">
            <summary>Default constructor</summary>
        </member>
        <member name="M:SmartSignal.Com.EPICenter.Service.Client.MemoryMonitor.#ctor(System.Boolean)">
            <summary>Constructor that allows one to specify whether refresh should be enabled</summary>
        </member>
        <member name="M:SmartSignal.Com.EPICenter.Service.Client.MemoryMonitor.Finalize">
            <summary>Destructor</summary>
        </member>
        <member name="M:SmartSignal.Com.EPICenter.Service.Client.MemoryMonitor.Dispose">
            <summary>
            Method to dispose of the object (meaning to stop any active timers or tasks, and to release any resources).
            </summary>
        </member>
        <member name="M:SmartSignal.Com.EPICenter.Service.Client.MemoryMonitor.Refresh">
            <summary>
            Refresh the information
            </summary>
        </member>
        <member name="P:SmartSignal.Com.EPICenter.Service.Client.MemoryMonitor.RefreshInterval">
            <summary>
            Interval in milliseconds at which information presented in this class is refreshed
            </summary>
        </member>
        <member name="P:SmartSignal.Com.EPICenter.Service.Client.MemoryMonitor.RefreshIntervalInSeconds">
            <summary>
            <see cref="P:SmartSignal.Com.EPICenter.Service.Client.MemoryMonitor.RefreshInterval"/> value converted to seconds
            </summary>
        </member>
        <member name="P:SmartSignal.Com.EPICenter.Service.Client.MemoryMonitor.IsRefreshEnabled">
            <summary>
            Whether or not this class should refresh the information
            </summary>
        </member>
        <member name="P:SmartSignal.Com.EPICenter.Service.Client.MemoryMonitor.AvailablePhysicalMemory">
            <summary>
            Amount of physical memory available for the computer
            </summary>
        </member>
        <member name="P:SmartSignal.Com.EPICenter.Service.Client.MemoryMonitor.AvailableVirtualMemory">
            <summary>
            Amount of virtual memory available for the computer
            </summary>
        </member>
        <member name="P:SmartSignal.Com.EPICenter.Service.Client.MemoryMonitor.TotalPhysicalMemory">
            <summary>
            Total amount of physical memory for the computer
            </summary>
        </member>
        <member name="P:SmartSignal.Com.EPICenter.Service.Client.MemoryMonitor.TotalVirtualMemory">
            <summary>
            Total amount of virtual memory for the computer
            </summary>
        </member>
        <member name="T:SmartSignal.Com.EPICenter.Service.Client.MessageControl">
            <summary>
            A control used to display a text message with an image/icon
            </summary>
        </member>
        <member name="M:SmartSignal.Com.EPICenter.Service.Client.MessageControl.#ctor">
            <summary>
            Default constructor
            </summary>
        </member>
        <member name="P:SmartSignal.Com.EPICenter.Service.Client.MessageControl.Label">
            <summary>
            The label that will hold the message text
            </summary>
        </member>
        <member name="M:SmartSignal.Com.EPICenter.Service.Client.MessageControl.DisplayWarningMessage(System.String)">
            <summary>
            Displays the message with a warning icon next to it.
            </summary>
            <param name="message"></param>
        </member>
        <member name="M:SmartSignal.Com.EPICenter.Service.Client.MessageControl.Clear">
            <summary>
            Clears the message text and image
            </summary>
        </member>
        <member name="F:SmartSignal.Com.EPICenter.Service.Client.MessageControl.components">
            <summary> 
            Required designer variable.
            </summary>
        </member>
        <member name="M:SmartSignal.Com.EPICenter.Service.Client.MessageControl.Dispose(System.Boolean)">
            <summary> 
            Clean up any resources being used.
            </summary>
            <param name="disposing">true if managed resources should be disposed; otherwise, false.</param>
        </member>
        <member name="M:SmartSignal.Com.EPICenter.Service.Client.MessageControl.InitializeComponent">
            <summary> 
            Required method for Designer support - do not modify 
            the contents of this method with the code editor.
            </summary>
        </member>
        <member name="T:SmartSignal.Com.EPICenter.Service.Client.Properties.Resources">
            <summary>
              A strongly-typed resource class, for looking up localized strings, etc.
            </summary>
        </member>
        <member name="P:SmartSignal.Com.EPICenter.Service.Client.Properties.Resources.ResourceManager">
            <summary>
              Returns the cached ResourceManager instance used by this class.
            </summary>
        </member>
        <member name="P:SmartSignal.Com.EPICenter.Service.Client.Properties.Resources.Culture">
            <summary>
              Overrides the current thread's CurrentUICulture property for all
              resource lookups using this strongly typed resource class.
            </summary>
        </member>
        <member name="P:SmartSignal.Com.EPICenter.Service.Client.Properties.Resources.ComputerSpecification_CurrentSpecFormatter">
            <summary>
              Looks up a localized string similar to This Computer:{0}	{1}{0}	{2}.
            </summary>
        </member>
        <member name="P:SmartSignal.Com.EPICenter.Service.Client.Properties.Resources.ComputerSpecification_MemoryFormatter">
            <summary>
              Looks up a localized string similar to {0} Memory Available.
            </summary>
        </member>
        <member name="P:SmartSignal.Com.EPICenter.Service.Client.Properties.Resources.ComputerSpecification_ProcessorFormatter">
            <summary>
              Looks up a localized string similar to {0} Core Processor @ {1:F2} GHz.
            </summary>
        </member>
        <member name="P:SmartSignal.Com.EPICenter.Service.Client.Properties.Resources.ComputerSpecification_RecommendedSpecFormatter">
            <summary>
              Looks up a localized string similar to Recommended:{0}	{1}{0}	{2}.
            </summary>
        </member>
        <member name="P:SmartSignal.Com.EPICenter.Service.Client.Properties.Resources.ComputerSpecification_WarningMessageFormatter">
            <summary>
              Looks up a localized string similar to This computer does not meet the recommended hardware specifications:{0}{0}{1}{0}{0}{2}{0}{0}Please consider having this computer upgraded to meet the recommended specifications..
            </summary>
        </member>
        <member name="P:SmartSignal.Com.EPICenter.Service.Client.Properties.Resources.DeleteAllTemporaryFiles_ContextMenuItem">
            <summary>
              Looks up a localized string similar to Delete All Temporary Files.
            </summary>
        </member>
        <member name="P:SmartSignal.Com.EPICenter.Service.Client.Properties.Resources.DeleteTemporaryFiles_ContextMenuItem">
            <summary>
              Looks up a localized string similar to Delete Temporary Files.
            </summary>
        </member>
        <member name="P:SmartSignal.Com.EPICenter.Service.Client.Properties.Resources.DeleteTemporaryFiles_ContextMenuItemToolTipText">
             <summary>
               Looks up a localized string similar to SmartSignal writes temporary files to the local hard drive to speed up data retrieval.
            Obsolete files are automatically deleted on a regular basis.
            Deleting all of these files will free up disk space.
            However, your computer may initially slow down as newer copies of the files are downloaded from the server..
             </summary>
        </member>
        <member name="P:SmartSignal.Com.EPICenter.Service.Client.Properties.Resources.EngineeringTest_ContextMenuItem">
            <summary>
              Looks up a localized string similar to Engineering Test.
            </summary>
        </member>
        <member name="P:SmartSignal.Com.EPICenter.Service.Client.Properties.Resources.EngineeringTest_ContextMenuItemToolTipText">
            <summary>
              Looks up a localized string similar to Initiate an Engineering Test.
            </summary>
        </member>
        <member name="P:SmartSignal.Com.EPICenter.Service.Client.Properties.Resources.LogoRed">
            <summary>
              Looks up a localized resource of type System.Drawing.Bitmap.
            </summary>
        </member>
        <member name="P:SmartSignal.Com.EPICenter.Service.Client.Properties.Resources.OpenFolder">
            <summary>
              Looks up a localized resource of type System.Drawing.Bitmap.
            </summary>
        </member>
        <member name="P:SmartSignal.Com.EPICenter.Service.Client.Properties.Resources.State_Busy_White">
            <summary>
              Looks up a localized resource of type System.Drawing.Bitmap.
            </summary>
        </member>
        <member name="P:SmartSignal.Com.EPICenter.Service.Client.Properties.Resources.State_Warning">
            <summary>
              Looks up a localized resource of type System.Drawing.Bitmap.
            </summary>
        </member>
        <member name="P:SmartSignal.Com.EPICenter.Service.Client.Properties.Resources.Support_AssemblyInformationClickOnceLocationFormat">
            <summary>
              Looks up a localized string similar to Application Update Location: {0}.
            </summary>
        </member>
        <member name="P:SmartSignal.Com.EPICenter.Service.Client.Properties.Resources.Support_AssemblyInformationFormat">
             <summary>
               Looks up a localized string similar to Application Name: {0}
            Application Id: {1}
            Application Version: {2}
            Application File Version: {3}
            Application Path: {4}.
             </summary>
        </member>
        <member name="P:SmartSignal.Com.EPICenter.Service.Client.Properties.Resources.Support_ClipboardTextFormat">
             <summary>
               Looks up a localized string similar to {0}
            
            {1}
            
            {2}.
             </summary>
        </member>
        <member name="P:SmartSignal.Com.EPICenter.Service.Client.Properties.Resources.Support_ContextMenuItem">
            <summary>
              Looks up a localized string similar to Support.
            </summary>
        </member>
        <member name="P:SmartSignal.Com.EPICenter.Service.Client.Properties.Resources.Support_ContextMenuItemToolTipText">
            <summary>
              Looks up a localized string similar to SmartSignal support contact, legal, software, and computer information.
            </summary>
        </member>
        <member name="P:SmartSignal.Com.EPICenter.Service.Client.Properties.Resources.Support_CopyrightTrademarkFormat">
             <summary>
               Looks up a localized string similar to {0}
            {1} {2}.
             </summary>
        </member>
        <member name="P:SmartSignal.Com.EPICenter.Service.Client.Properties.Resources.Support_CultureFormat">
            <summary>
              Looks up a localized string similar to {0} [{1}].
            </summary>
        </member>
        <member name="P:SmartSignal.Com.EPICenter.Service.Client.Properties.Resources.Support_DatabasePatchesFormat">
             <summary>
               Looks up a localized string similar to Patches:
            {0}.
             </summary>
        </member>
        <member name="P:SmartSignal.Com.EPICenter.Service.Client.Properties.Resources.Support_EmailTo">
            <summary>
              Looks up a localized string similar to support.ip@ge.com.
            </summary>
        </member>
        <member name="P:SmartSignal.Com.EPICenter.Service.Client.Properties.Resources.Support_InformationFormat">
            <summary>
              Looks up a localized string similar to {0}{1}{2}{3}{4}{5}.
            </summary>
        </member>
        <member name="P:SmartSignal.Com.EPICenter.Service.Client.Properties.Resources.Support_InstallationAddressFormat">
            <summary>
              Looks up a localized string similar to {0}:{1}.
            </summary>
        </member>
        <member name="P:SmartSignal.Com.EPICenter.Service.Client.Properties.Resources.Support_LocalDiskDriveFormat">
            <summary>
              Looks up a localized string similar to {0} Total Size: {1}. Free Space: {2}.
            </summary>
        </member>
        <member name="P:SmartSignal.Com.EPICenter.Service.Client.Properties.Resources.Support_MachineInformationFormat">
             <summary>
               Looks up a localized string similar to Computer Name: {0}
            Processor: {1}
            Total Physical Memory: {2}
            Available Physical Memory: {3}
            Local Disk Drive(s):
            {4}
            Operating System: {5}
            Operating System Culture: {6}.
             </summary>
        </member>
        <member name="P:SmartSignal.Com.EPICenter.Service.Client.Properties.Resources.Support_PatchHistoryFormat">
            <summary>
              Looks up a localized string similar to {0:MM/dd/yyyy}    {1}.
            </summary>
        </member>
        <member name="P:SmartSignal.Com.EPICenter.Service.Client.Properties.Resources.Support_ServicesMachineInformationFormat">
             <summary>
               Looks up a localized string similar to Services Computer Name: {0}
            Services Computer Processor: {1}
            Services Computer Total Physical Memory: {2}
            Services Computer Available Physical Memory: {3}
            Services Computer Local Disk Drive(s):
            {4}
            Services Computer Operating System: {5}
            Services Computer Operating System Culture: {6}.
             </summary>
        </member>
        <member name="P:SmartSignal.Com.EPICenter.Service.Client.Properties.Resources.Support_SessionInformationFormat">
             <summary>
               Looks up a localized string similar to User: {0}
            Installation: {1}
            Session Id: {2}
            Session Culture: {3}.
             </summary>
        </member>
        <member name="P:SmartSignal.Com.EPICenter.Service.Client.Properties.Resources.Support_SessionInstallationFormat">
             <summary>
               Looks up a localized string similar to {0}
            Installation Id: {1}
            Installation Version: {2}
            Installation Address: {3}
            Installation Type: {4}.
             </summary>
        </member>
        <member name="P:SmartSignal.Com.EPICenter.Service.Client.Properties.Resources.Support_SessionUserFormat">
             <summary>
               Looks up a localized string similar to {0} {1}
            User Id: {2}.
             </summary>
        </member>
        <member name="P:SmartSignal.Com.EPICenter.Service.Client.Properties.Resources.Support_ThirdPartyCopyrightText">
             <summary>
               Looks up a localized string similar to (Scroll to see more legal information)
            
            Proficy is a registered trademark of GE Intelligent Platforms, Inc.
            
            Portions of this product may include some or all of the following third-party components:
            ______________________________________________________________________
            Actipro Software - Dynamic Library
            
            All title and copyrights in and to the SOFTWARE PRODUCT (including but not limited to any images, demos, source code, 
            intermediate files, packages, photographs, animations, video, audio, music, te [rest of string was truncated]&quot;;.
             </summary>
        </member>
        <member name="P:SmartSignal.Com.EPICenter.Service.Client.Properties.Resources.Support_UnableToComposeEmailErrorMessage">
            <summary>
              Looks up a localized string similar to Unable to compose a new email message, please make sure that Microsoft Outlook is installed on this computer. Alternatively, click the &quot;Copy to Clipboard&quot; button and paste the information into a manually created email..
            </summary>
        </member>
        <member name="P:SmartSignal.Com.EPICenter.Service.Client.Properties.Resources.Support_UnableToComposeEmailErrorMessageTitle">
            <summary>
              Looks up a localized string similar to Email Error.
            </summary>
        </member>
        <member name="P:SmartSignal.Com.EPICenter.Service.Client.Properties.Resources.WindowTitle">
            <summary>
              Looks up a localized string similar to {0} - {2} ({3}:{4}) in {6}{8}.
            </summary>
        </member>
        <member name="P:SmartSignal.Com.EPICenter.Service.Client.Properties.Resources.WindowTitleDifferentCulture">
            <summary>
              Looks up a localized string similar to {0} - {2} ({3}:{4}) in {6}{8}.
            </summary>
        </member>
        <member name="P:SmartSignal.Com.EPICenter.Service.Client.Properties.Resources.WindowTitleDifferentCultureAndNoApplicationName">
            <summary>
              Looks up a localized string similar to {2} ({3}:{4}) in {6}{8}.
            </summary>
        </member>
        <member name="P:SmartSignal.Com.EPICenter.Service.Client.Properties.Resources.WindowTitleNoApplicationName">
            <summary>
              Looks up a localized string similar to {2} ({3}:{4}) in {6}{8}.
            </summary>
        </member>
        <member name="P:SmartSignal.Com.EPICenter.Service.Client.Properties.Resources.WindowTitleNoSession">
            <summary>
              Looks up a localized string similar to {0}{1}.
            </summary>
        </member>
        <member name="P:SmartSignal.Com.EPICenter.Service.Client.Properties.Resources.WinFormsAppLoadingControl_Loading">
            <summary>
              Looks up a localized string similar to Loading....
            </summary>
        </member>
        <member name="P:SmartSignal.Com.EPICenter.Service.Client.Properties.Resources.WinFormsAppLoadingControl_LoadingFormatter">
            <summary>
              Looks up a localized string similar to Loading {0}....
            </summary>
        </member>
        <member name="T:SmartSignal.Com.EPICenter.Service.Client.SmartSignalLogo">
            <summary>
            Enumeration denoting acceptable variations of the SmartSignal company logo.
            This enumeration is intended for use in building lookup routines in user
            interface components which display the SmartSignal logo.
            </summary>
        </member>
        <member name="F:SmartSignal.Com.EPICenter.Service.Client.SmartSignalLogo.None">
            <summary>
            Default enumeration value, used to denote the lack of a logo image
            </summary>
        </member>
        <member name="F:SmartSignal.Com.EPICenter.Service.Client.SmartSignalLogo.GreyWhite">
            <summary>
            Grey and white SmartSignal logo, best for use against a darker background
            </summary>
        </member>
        <member name="F:SmartSignal.Com.EPICenter.Service.Client.SmartSignalLogo.BlackWhite">
            <summary>
            Black and white SmartSignal logo, best for use against a darker background
            </summary>
        </member>
        <member name="F:SmartSignal.Com.EPICenter.Service.Client.SmartSignalLogo.GECompanyLogo">
            <summary>
            GE company Logo
            </summary>
        </member>
        <member name="T:SmartSignal.Com.EPICenter.Service.Client.SscHeader">
            <summary>
            A header control for use throughout applications.
            </summary>
        </member>
        <member name="M:SmartSignal.Com.EPICenter.Service.Client.SscHeader.#ctor">
            <summary>
            Default constructor for this class.
            </summary>
        </member>
        <member name="P:SmartSignal.Com.EPICenter.Service.Client.SscHeader.ConfigurationData">
            <summary>
            Set of data used to configure this control. Many properties which
            were previously only accessible directly on this control should now
            be accessed as properties of this configuration data instance.
            </summary>
        </member>
        <member name="M:SmartSignal.Com.EPICenter.Service.Client.SscHeader.ConfigurationDataPropertyChanged(System.Object,System.ComponentModel.PropertyChangedEventArgs)">
            <summary>Update our state based on a change in our configuration.</summary>
        </member>
        <member name="P:SmartSignal.Com.EPICenter.Service.Client.SscHeader.IsHandlingConfigurationChangeEvent">
            <summary>
            Private property useful for preventing recursion when adjusting our state
            based on a configuration change.
            </summary>
        </member>
        <member name="P:SmartSignal.Com.EPICenter.Service.Client.SscHeader.Session">
            <summary>Obsolete, use <see cref="P:SmartSignal.Com.EPICenter.Service.Client.SscHeader.ConfigurationData"/> property <see cref="P:SmartSignal.Com.EPICenter.Service.Client.SscHeaderData.Session"/></summary>
        </member>
        <member name="P:SmartSignal.Com.EPICenter.Service.Client.SscHeader.LogoSmartSignal">
            <summary>Obsolete, use <see cref="P:SmartSignal.Com.EPICenter.Service.Client.SscHeader.ConfigurationData"/> property <see cref="P:SmartSignal.Com.EPICenter.Service.Client.SscHeaderData.LogoSmartSignal"/></summary>
        </member>
        <member name="P:SmartSignal.Com.EPICenter.Service.Client.SscHeader.LogoSmartSignalInstallation">
            <summary>Obsolete, use <see cref="P:SmartSignal.Com.EPICenter.Service.Client.SscHeader.ConfigurationData"/> property <see cref="P:SmartSignal.Com.EPICenter.Service.Client.SscHeaderData.LogoSmartSignalInstallation"/></summary>
        </member>
        <member name="P:SmartSignal.Com.EPICenter.Service.Client.SscHeader.LogoCustomer">
            <summary>Obsolete, use <see cref="P:SmartSignal.Com.EPICenter.Service.Client.SscHeader.ConfigurationData"/> property <see cref="P:SmartSignal.Com.EPICenter.Service.Client.SscHeaderData.LogoCustomer"/></summary>
        </member>
        <member name="P:SmartSignal.Com.EPICenter.Service.Client.SscHeader.MaximumCustomerLogoWidthWithoutScalingInPixels">
            <summary>Obsolete, use <see cref="P:SmartSignal.Com.EPICenter.Service.Client.SscHeader.ConfigurationData"/> property
            <see cref="P:SmartSignal.Com.EPICenter.Service.Client.SscHeaderData.MaximumCustomerLogoWidthWithoutScalingInPixels"/></summary>
        </member>
        <member name="P:SmartSignal.Com.EPICenter.Service.Client.SscHeader.MaximumCustomerLogoHeightWithoutScalingInPixels">
            <summary>Obsolete, use <see cref="P:SmartSignal.Com.EPICenter.Service.Client.SscHeader.ConfigurationData"/> property
            <see cref="P:SmartSignal.Com.EPICenter.Service.Client.SscHeaderData.MaximumCustomerLogoHeightWithoutScalingInPixels"/></summary>
        </member>
        <member name="P:SmartSignal.Com.EPICenter.Service.Client.SscHeader.MiniMode">
            <summary>Obsolete, use <see cref="P:SmartSignal.Com.EPICenter.Service.Client.SscHeader.ConfigurationData"/> property <see cref="P:SmartSignal.Com.EPICenter.Service.Client.SscHeaderData.MiniMode"/></summary>
        </member>
        <member name="P:SmartSignal.Com.EPICenter.Service.Client.SscHeader.MiniModeHeight">
            <summary>Obsolete, use <see cref="P:SmartSignal.Com.EPICenter.Service.Client.SscHeader.ConfigurationData"/> property <see cref="P:SmartSignal.Com.EPICenter.Service.Client.SscHeaderData.MiniModeHeight"/></summary>
        </member>
        <member name="P:SmartSignal.Com.EPICenter.Service.Client.SscHeader.MiniModeStandardHeight">
            <summary>Obsolete, use <see cref="P:SmartSignal.Com.EPICenter.Service.Client.SscHeader.ConfigurationData"/> property <see cref="P:SmartSignal.Com.EPICenter.Service.Client.SscHeaderData.MiniModeStandardHeight"/></summary>
        </member>
        <member name="P:SmartSignal.Com.EPICenter.Service.Client.SscHeader.BackgroundPainter">
            <summary>
            <para>
            Obsolete, use <see cref="P:SmartSignal.Com.EPICenter.Service.Client.SscHeader.ConfigurationData"/> properties:
            <see cref="P:SmartSignal.Com.EPICenter.Service.Client.SscHeaderData.GradientAngle"/>,
            <see cref="P:SmartSignal.Com.EPICenter.Service.Client.SscHeaderData.GradientEnd"/>,
            <see cref="P:SmartSignal.Com.EPICenter.Service.Client.SscHeaderData.GradientStartOrSolid"/>,
            <see cref="P:SmartSignal.Com.EPICenter.Service.Client.SscHeaderData.CornersRadius"/>,
            <see cref="P:SmartSignal.Com.EPICenter.Service.Client.SscHeaderData.BackgroundOpacity"/>
            </para>
            <para>
            Instance of the background painter to use with this control.
            </para>
            </summary>
        </member>
        <member name="M:SmartSignal.Com.EPICenter.Service.Client.SscHeader.ShowSupportInformation">
            <summary>
            Displays a window with system and client information that can be helpful in answering questions
            that the SmartSignal support organization may have.
            </summary>
        </member>
        <member name="M:SmartSignal.Com.EPICenter.Service.Client.SscHeader.ShowSupportInformation(System.Windows.Forms.IWin32Window,SmartSignal.Com.EPICenter.Service.Contract.ISessionInformation)">
            <summary>
            See <see cref="M:SmartSignal.Com.EPICenter.Service.Client.SscHeader.ShowSupportInformation"/>
            </summary>
            <param name="owner">Window which owns the support dialog</param>
            <param name="session">Session which gives context for the dialog information</param>
        </member>
        <member name="P:SmartSignal.Com.EPICenter.Service.Client.SscHeader.LabelInfo">
            <summary>
            Publically exposes the additional information label control (currently blank) so that the text, font (etc) can be manipulated externally.
            </summary>
        </member>
        <member name="P:SmartSignal.Com.EPICenter.Service.Client.SscHeader.LabelUserName">
            <summary>
            Publically exposes the "hello, user" label control so that the text, font (etc) can be manipulated externally.
            </summary>
        </member>
        <member name="P:SmartSignal.Com.EPICenter.Service.Client.SscHeader.LabelProductBrand">
            <summary>
            publically expose product brand label control so that the text, font (etc) can be manipulcated externally
            </summary>
        </member>
        <member name="P:SmartSignal.Com.EPICenter.Service.Client.SscHeader.RoundedCorners">
            <summary>Denotes which corners of the control should be rounded.</summary>
        </member>
        <member name="P:SmartSignal.Com.EPICenter.Service.Client.SscHeader.CompanyLogoPicBox">
            <summary>
            publically expose CompanyLogo box so that its property can be modified
            </summary>
        </member>
        <member name="P:SmartSignal.Com.EPICenter.Service.Client.SscHeader.CustomerLogoPicBox">
            <summary>
            publically expose CustomerLogo box so that its property can be modified
            </summary>
        </member>
        <member name="M:SmartSignal.Com.EPICenter.Service.Client.SscHeader.DefaultStyling">
            <summary>
            Apply or re-apply this control's built-in default styling to this instance of the control.
            </summary>
        </member>
        <member name="M:SmartSignal.Com.EPICenter.Service.Client.SscHeader.MiniModeToggle">
            <summary>
            Switchs the header between reduced size and normal size.
            </summary>
        </member>
        <member name="M:SmartSignal.Com.EPICenter.Service.Client.SscHeader.Dispose(System.Boolean)">
            <summary> 
            Clean up any resources being used.
            </summary>
            <param name="disposing">true if managed resources should be disposed; otherwise, false.</param>
        </member>
        <member name="M:SmartSignal.Com.EPICenter.Service.Client.SscHeader.InitializeComponent">
            <summary> 
            Required method for Designer support - do not modify 
            the contents of this method with the code editor.
            </summary>
        </member>
        <member name="T:SmartSignal.Com.EPICenter.Service.Client.SscHeaderData">
            <summary>
            Set of configuration values used to configure the display of the <see cref="T:SmartSignal.Com.EPICenter.Service.Client.SscHeader"/>
            control. Keeping this logic separate allows us to create similar controls based off 
            the same underlying data.
            </summary>
        </member>
        <member name="M:SmartSignal.Com.EPICenter.Service.Client.SscHeaderData.#ctor">
            <summary>Construct a new instance of this class.</summary>
        </member>
        <member name="M:SmartSignal.Com.EPICenter.Service.Client.SscHeaderData.ResetValues">
            <summary>Reset (most) values in this class to defaults.</summary>
        </member>
        <member name="T:SmartSignal.Com.EPICenter.Service.Client.SscHeaderData.PropertyNames">
            <summary>
            Constants with our property names, for efficient and correct data binding.
            </summary>
        </member>
        <member name="P:SmartSignal.Com.EPICenter.Service.Client.SscHeaderData.Session">
            <summary>
            Gets or sets the session associated with the application (or, more
            specifically, with the container of this header instance). If provided,
            this information is used to display some session details in the header UI.
            </summary>
            <seealso cref="T:SmartSignal.Com.EPICenter.Service.Contract.SessionInformation"/>
        </member>
        <member name="M:SmartSignal.Com.EPICenter.Service.Client.SscHeaderData.ForceRefreshProperties">
            <summary>
            Force this object to refresh all its property values from its <see cref="P:SmartSignal.Com.EPICenter.Service.Client.SscHeaderData.Session"/>. Since SessionInformation
            does not implement <see cref="T:System.ComponentModel.INotifyPropertyChanged"/>, this is necessary in order to make this class aware of
            changes to properties within its <see cref="P:SmartSignal.Com.EPICenter.Service.Client.SscHeaderData.Session"/>.
            </summary>
        </member>
        <member name="P:SmartSignal.Com.EPICenter.Service.Client.SscHeaderData.MessageText">
            <summary>
            A text representing a message to be displayed in the header control
            </summary>
        </member>
        <member name="P:SmartSignal.Com.EPICenter.Service.Client.SscHeaderData.MessageImage">
            <summary>
            An image representing a message to be displayed in the header control
            </summary>
        </member>
        <member name="P:SmartSignal.Com.EPICenter.Service.Client.SscHeaderData.MiniMode">
            <summary>
            Is true if the header size is reduced.
            Set to true to reduce header size. Set to false to restore the original height.
            This property adjusts the value of <see cref="P:SmartSignal.Com.EPICenter.Service.Client.SscHeaderData.ControlHeight"/>, so height adjustments
            should be made by watching for changes in <see cref="P:SmartSignal.Com.EPICenter.Service.Client.SscHeaderData.ControlHeight"/> rather than
            changes in this property.
            </summary>
        </member>
        <member name="F:SmartSignal.Com.EPICenter.Service.Client.SscHeaderData.MiniModeMinimumHeight">
            <summary>
            The smallest height allowed for reduced mode.
            </summary>
        </member>
        <member name="F:SmartSignal.Com.EPICenter.Service.Client.SscHeaderData.MiniModeDefaultHeight">
            <summary>
            The default height for reduced mode.
            </summary>
        </member>
        <member name="F:SmartSignal.Com.EPICenter.Service.Client.SscHeaderData.MiniModeMaximumHeight">
            <summary>
            The largest height allowed for reduced mode.
            </summary>
        </member>
        <member name="P:SmartSignal.Com.EPICenter.Service.Client.SscHeaderData.MiniModeHeight">
            <summary>
            Gets and sets the size of the header when in reduced-size mode.
            </summary>
        </member>
        <member name="P:SmartSignal.Com.EPICenter.Service.Client.SscHeaderData.MiniModeStandardHeight">
            <summary>
            Gets and sets the size of the header when not in reduced-size mode.
            However, auto size is set to true when not in mini-mode, so the actual header size will change depending on the client.
            </summary>
        </member>
        <member name="P:SmartSignal.Com.EPICenter.Service.Client.SscHeaderData.ControlHeight">
            <summary>
            The actual height of our UI control.
            </summary>
        </member>
        <member name="F:SmartSignal.Com.EPICenter.Service.Client.SscHeaderData.DefaultControlHeight">
            <summary>Default value to use for <see cref="P:SmartSignal.Com.EPICenter.Service.Client.SscHeaderData.ControlHeight"/></summary>
        </member>
        <member name="F:SmartSignal.Com.EPICenter.Service.Client.SscHeaderData._maximumCustomerLogoWidthWithoutScalingInPixels">
            <summary>
            2016/07/22  GLuo  allow user adjust the maximum size of customerLogo, 
            because SscHeaderData is used for login panel, where SscHeader_CompanyLogo_BlackWhite.png is bigger 
            however, the dimension used for Sentinel / Gatakeeper is 32 x 32
            </summary>
        </member>
        <member name="P:SmartSignal.Com.EPICenter.Service.Client.SscHeaderData.MaximumCustomerLogoWidthWithoutScalingInPixels">
            <summary>
            Related to the <see cref="P:SmartSignal.Com.EPICenter.Service.Client.SscHeaderData.LogoCustomer"/> property of this control, this value
            denotes the maximum width measured in pixels of the area allocated by the control
            for displaying the customer logo. If the <see cref="P:SmartSignal.Com.EPICenter.Service.Client.SscHeaderData.LogoCustomer"/> value has a
            width greater than this, the image will be scaled for display.
            </summary>
            <seealso cref="P:SmartSignal.Com.EPICenter.Service.Client.SscHeaderData.MaximumCustomerLogoHeightWithoutScalingInPixels"/>
            <seealso cref="P:SmartSignal.Com.EPICenter.Service.Client.SscHeaderData.LogoCustomer"/>
        </member>
        <member name="P:SmartSignal.Com.EPICenter.Service.Client.SscHeaderData.MaximumCustomerLogoHeightWithoutScalingInPixels">
            <summary>
            Related to the <see cref="P:SmartSignal.Com.EPICenter.Service.Client.SscHeaderData.LogoCustomer"/> property of this control, this value
            denotes the maximum height measured in pixels of the area allocated by the control
            for displaying the customer logo. If the <see cref="P:SmartSignal.Com.EPICenter.Service.Client.SscHeaderData.LogoCustomer"/> value has a
            height greater than this, the image will be scaled for display.
            </summary>
            <seealso cref="P:SmartSignal.Com.EPICenter.Service.Client.SscHeaderData.MaximumCustomerLogoWidthWithoutScalingInPixels"/>
            <seealso cref="P:SmartSignal.Com.EPICenter.Service.Client.SscHeaderData.LogoCustomer"/>
        </member>
        <member name="P:SmartSignal.Com.EPICenter.Service.Client.SscHeaderData.LogoCustomer">
            <summary>
            The particular customer logo image which this control should attempt to display.
            This image may be resized to fit within the control's bounds for customer images.
            </summary>
        </member>
        <member name="P:SmartSignal.Com.EPICenter.Service.Client.SscHeaderData.LogoSmartSignal">
            <summary>
            The particular SmartSignal logo image from the <see cref="T:SmartSignal.Com.EPICenter.Service.Client.ImageLibrary"/> which
            should be displayed by this instance of the header.
            </summary>
            <seealso cref="T:SmartSignal.Com.EPICenter.Service.Client.ImageLibrary"/>
            <seealso cref="T:SmartSignal.Com.EPICenter.Service.Client.SmartSignalLogo"/>
        </member>
        <member name="P:SmartSignal.Com.EPICenter.Service.Client.SscHeaderData.LogoSmartSignalInstallation">
            <summary>
            The particular SmartSignal Installation image which
            should be displayed by this instance of the header.
            </summary>
        </member>
        <member name="P:SmartSignal.Com.EPICenter.Service.Client.SscHeaderData.CornersRadius">
            <summary>Radius of rounded corners of the control</summary>
        </member>
        <member name="P:SmartSignal.Com.EPICenter.Service.Client.SscHeaderData.GradientStartOrSolid">
            <summary>
            Start color for control's background gradient, or the solid color to use as a background
            if not using a gradient.
            </summary>
        </member>
        <member name="P:SmartSignal.Com.EPICenter.Service.Client.SscHeaderData.GradientStartOrSolidHtml">
            <summary>
            Start color for control's background gradient, or the solid color to use as a background
            if not using a gradient. Value specified in HTML format.
            </summary>
        </member>
        <member name="P:SmartSignal.Com.EPICenter.Service.Client.SscHeaderData.GradientEnd">
            <summary>End color to use for control's background gradient.</summary>
        </member>
        <member name="P:SmartSignal.Com.EPICenter.Service.Client.SscHeaderData.GradientEndHtml">
            <summary>End color to use for control's background gradient.</summary>
        </member>
        <member name="P:SmartSignal.Com.EPICenter.Service.Client.SscHeaderData.GradientAngle">
            <summary>Angle at which control's background gradient should be rendered.</summary>
        </member>
        <member name="P:SmartSignal.Com.EPICenter.Service.Client.SscHeaderData.BackgroundOpacity">
            <summary>Opacity of the background of the control.</summary>
        </member>
        <member name="P:SmartSignal.Com.EPICenter.Service.Client.SscHeaderData.BackgroundOpacityAsPercentageDouble">
            <summary>Opacity of the background of the control.</summary>
        </member>
        <member name="P:SmartSignal.Com.EPICenter.Service.Client.SscHeaderData.UserNameTextForeColor">
            <summary>Color to use for the user name text displayed</summary>
        </member>
        <member name="P:SmartSignal.Com.EPICenter.Service.Client.SscHeaderData.UserNameTextForeColorHtml">
            <summary>HTML string representation of <see cref="P:SmartSignal.Com.EPICenter.Service.Client.SscHeaderData.UserNameTextForeColor"/></summary>
        </member>
        <member name="P:SmartSignal.Com.EPICenter.Service.Client.SscHeaderData.ServerTextForeColor">
            <summary>Color to use for the server text displayed</summary>
        </member>
        <member name="P:SmartSignal.Com.EPICenter.Service.Client.SscHeaderData.ServerTextForeColorHtml">
            <summary>HTML string representation of <see cref="P:SmartSignal.Com.EPICenter.Service.Client.SscHeaderData.ServerTextForeColor"/></summary>
        </member>
        <member name="P:SmartSignal.Com.EPICenter.Service.Client.SscHeaderData.BarnnerLeftContext">
            <summary>
            context showing on left side of Barnner, after the image
            </summary>
        </member>
        <member name="P:SmartSignal.Com.EPICenter.Service.Client.SscHeaderData.BarnnerRightContext">
            <summary>
             context showing on right side of Barnner, after the image
            </summary>
        </member>
        <member name="P:SmartSignal.Com.EPICenter.Service.Client.SscHeaderData.HeaderFont">
            <summary>
            GE InspiraScansFont
            </summary>
        </member>
        <member name="M:SmartSignal.Com.EPICenter.Service.Client.SscHeaderData.ImportGEInspiraSansFont">
            <summary>
            import GE Inspira Scans font to memory
            </summary>
        </member>
        <member name="T:SmartSignal.Com.EPICenter.Service.Client.SscHeaderResources">
            <summary>
              A strongly-typed resource class, for looking up localized strings, etc.
            </summary>
        </member>
        <member name="P:SmartSignal.Com.EPICenter.Service.Client.SscHeaderResources.ResourceManager">
            <summary>
              Returns the cached ResourceManager instance used by this class.
            </summary>
        </member>
        <member name="P:SmartSignal.Com.EPICenter.Service.Client.SscHeaderResources.Culture">
            <summary>
              Overrides the current thread's CurrentUICulture property for all
              resource lookups using this strongly typed resource class.
            </summary>
        </member>
        <member name="P:SmartSignal.Com.EPICenter.Service.Client.SscHeaderResources.Configuration_AboutToExpireMessageFormatter">
            <summary>
              Looks up a localized string similar to The system configuration will expire in {0} day(s). {1}.
            </summary>
        </member>
        <member name="P:SmartSignal.Com.EPICenter.Service.Client.SscHeaderResources.Configuration_ContactMessage">
            <summary>
              Looks up a localized string similar to Please contact your GE representative..
            </summary>
        </member>
        <member name="P:SmartSignal.Com.EPICenter.Service.Client.SscHeaderResources.Configuration_ExpiredMessageFormatter">
            <summary>
              Looks up a localized string similar to The system configuration expired. {0}.
            </summary>
        </member>
        <member name="P:SmartSignal.Com.EPICenter.Service.Client.SscHeaderResources.Configuration_WillExpireTodayMessageFormatter">
            <summary>
              Looks up a localized string similar to The system configuration will expire today. {0}.
            </summary>
        </member>
        <member name="P:SmartSignal.Com.EPICenter.Service.Client.SscHeaderResources.GEInspiraSans_Regular_v01">
            <summary>
              Looks up a localized resource of type System.Byte[].
            </summary>
        </member>
        <member name="P:SmartSignal.Com.EPICenter.Service.Client.SscHeaderResources.ServerName_Formatter">
            <summary>
              Looks up a localized string similar to {0}.
            </summary>
        </member>
        <member name="P:SmartSignal.Com.EPICenter.Service.Client.SscHeaderResources.ServerName_Formatter_WithNetworkAddress">
            <summary>
              Looks up a localized string similar to  {0} ({1}).
            </summary>
        </member>
        <member name="P:SmartSignal.Com.EPICenter.Service.Client.SscHeaderResources.ServerName_Formatter_WithNetworkAddressAndPort">
            <summary>
              Looks up a localized string similar to {0} ({1}:{2}).
            </summary>
        </member>
        <member name="P:SmartSignal.Com.EPICenter.Service.Client.SscHeaderResources.SmartSignalBrandInGE">
            <summary>
              Looks up a localized string similar to Asset Performance.
            </summary>
        </member>
        <member name="P:SmartSignal.Com.EPICenter.Service.Client.SscHeaderResources.SmartSignalProductBand">
            <summary>
              Looks up a localized string similar to SmartSignal.
            </summary>
        </member>
        <member name="P:SmartSignal.Com.EPICenter.Service.Client.SscHeaderResources.SscHeader_CompanyLogo_BlackWhite">
            <summary>
              Looks up a localized resource of type System.Drawing.Bitmap.
            </summary>
        </member>
        <member name="P:SmartSignal.Com.EPICenter.Service.Client.SscHeaderResources.SscHeader_CompanyLogo_BlackWhite_Medium">
            <summary>
              Looks up a localized resource of type System.Drawing.Bitmap.
            </summary>
        </member>
        <member name="P:SmartSignal.Com.EPICenter.Service.Client.SscHeaderResources.SscHeader_CompanyLogo_GreyWhite">
            <summary>
              Looks up a localized resource of type System.Drawing.Bitmap.
            </summary>
        </member>
        <member name="P:SmartSignal.Com.EPICenter.Service.Client.SscHeaderResources.SscHeader_GELogo_BlackWhite">
            <summary>
              Looks up a localized resource of type System.Drawing.Bitmap.
            </summary>
        </member>
        <member name="P:SmartSignal.Com.EPICenter.Service.Client.SscHeaderResources.SscHeader_GELogo_White">
            <summary>
              Looks up a localized resource of type System.Drawing.Bitmap.
            </summary>
        </member>
        <member name="P:SmartSignal.Com.EPICenter.Service.Client.SscHeaderResources.ToolTip_DesignMode">
            <summary>
              Looks up a localized string similar to Design Mode.
            </summary>
        </member>
        <member name="P:SmartSignal.Com.EPICenter.Service.Client.SscHeaderResources.Tooltip_User_IsDebuggingUser_ModifyingFormatter">
            <summary>
              Looks up a localized string similar to SmartSignal {0}.
            </summary>
        </member>
        <member name="P:SmartSignal.Com.EPICenter.Service.Client.SscHeaderResources.UserNameGreeting_Formatter">
            <summary>
              Looks up a localized string similar to Hello, {0}.
            </summary>
        </member>
        <member name="T:SmartSignal.Com.EPICenter.Service.Client.SscHeaderResources_DoNotLocalize">
            <summary>
              A strongly-typed resource class, for looking up localized strings, etc.
            </summary>
        </member>
        <member name="P:SmartSignal.Com.EPICenter.Service.Client.SscHeaderResources_DoNotLocalize.ResourceManager">
            <summary>
              Returns the cached ResourceManager instance used by this class.
            </summary>
        </member>
        <member name="P:SmartSignal.Com.EPICenter.Service.Client.SscHeaderResources_DoNotLocalize.Culture">
            <summary>
              Overrides the current thread's CurrentUICulture property for all
              resource lookups using this strongly typed resource class.
            </summary>
        </member>
        <member name="P:SmartSignal.Com.EPICenter.Service.Client.SscHeaderResources_DoNotLocalize.HTML_Background_GradientAngle">
            <summary>
              Looks up a localized string similar to 90.
            </summary>
        </member>
        <member name="P:SmartSignal.Com.EPICenter.Service.Client.SscHeaderResources_DoNotLocalize.HTML_Background_GradientColorEnd">
            <summary>
              Looks up a localized string similar to #444444.
            </summary>
        </member>
        <member name="P:SmartSignal.Com.EPICenter.Service.Client.SscHeaderResources_DoNotLocalize.HTML_Background_GradientColorStart">
            <summary>
              Looks up a localized string similar to #060606.
            </summary>
        </member>
        <member name="P:SmartSignal.Com.EPICenter.Service.Client.SscHeaderResources_DoNotLocalize.HTML_ServerName_FontBold">
            <summary>
              Looks up a localized string similar to false.
            </summary>
        </member>
        <member name="P:SmartSignal.Com.EPICenter.Service.Client.SscHeaderResources_DoNotLocalize.HTML_ServerName_ForeColor">
            <summary>
              Looks up a localized string similar to #000000.
            </summary>
        </member>
        <member name="P:SmartSignal.Com.EPICenter.Service.Client.SscHeaderResources_DoNotLocalize.HTML_UserNameGreeting_FontBold">
            <summary>
              Looks up a localized string similar to false.
            </summary>
        </member>
        <member name="P:SmartSignal.Com.EPICenter.Service.Client.SscHeaderResources_DoNotLocalize.HTML_UserNameGreeting_ForeColor">
            <summary>
              Looks up a localized string similar to #000000.
            </summary>
        </member>
        <member name="T:SmartSignal.Com.EPICenter.Service.Client.SupportInformationForm">
            <summary>
            The dialog that shows all of the SmartSignal information for support purposes.
            </summary>
        </member>
        <member name="M:SmartSignal.Com.EPICenter.Service.Client.SupportInformationForm.ShowSupportInformation(System.Windows.Forms.IWin32Window,SmartSignal.Com.EPICenter.Service.Contract.ISessionInformation)">
            <summary>
            Displays the dialog with all of the SmartSignal information for support purposes.
            </summary>
            <param name="owner"></param>
            <param name="session"></param>
        </member>
        <member name="M:SmartSignal.Com.EPICenter.Service.Client.SupportInformationForm.Dispose(System.Boolean)">
            <summary>
            Clean up any resources being used.
            </summary>
            <param name="disposing">true if managed resources should be disposed; otherwise, false.</param>
        </member>
        <member name="F:SmartSignal.Com.EPICenter.Service.Client.SupportInformationForm.components">
            <summary>
            Required designer variable.
            </summary>
        </member>
        <member name="M:SmartSignal.Com.EPICenter.Service.Client.SupportInformationForm.InitializeComponent">
            <summary>
            Required method for Designer support - do not modify
            the contents of this method with the code editor.
            </summary>
        </member>
        <member name="T:SmartSignal.Com.EPICenter.Service.Client.UserInterface">
            <summary>
            Methods that provide a consistent look for all EPICenter applications.
            </summary>
        </member>
        <member name="M:SmartSignal.Com.EPICenter.Service.Client.UserInterface.EPICenterWindowTitle(System.Windows.Forms.Control,SmartSignal.Com.EPICenter.Service.Contract.SessionInformation)">
            <summary>
            WARNING: This is not localizable!!
            Use EPICenterWindowTitle(Control,SessionInformation,Resources.AssemblyName) instead.
            Of course, you'll also have to put a resource called AssemblyName in your resources file. :)
            </summary>
            <param name="mainForm">Usually the application's main form. If null, then the window text won't be set.</param>
            <param name="sessionInfo">The server information.</param>
            <returns>The combination of application information and server information.</returns>
        </member>
        <member name="M:SmartSignal.Com.EPICenter.Service.Client.UserInterface.EPICenterWindowTitle(System.Windows.Forms.Control,SmartSignal.Com.EPICenter.Service.Contract.SessionInformation,System.String)">
            <summary>
            Sets the form's text (window title) using a consistent naming convention.
            </summary>
            <param name="mainForm">Usually the application's main form. If null, then the window text won't be set.</param>
            <param name="sessionInfo">The server information.</param>
            <param name="applicationShortName">Usually a shorter or different name than the default AssemblyInfo name.</param>
            <returns>The combination of application information and server information.</returns>
        </member>
        <member name="M:SmartSignal.Com.EPICenter.Service.Client.UserInterface.EPICenterWindowTitle(SmartSignal.Com.EPICenter.Service.Contract.SessionInformation,System.String)">
            <summary>
            Gets the standard window title text using a consistent naming convention.
            </summary>
            <param name="sessionInfo">The server information.</param>
            <param name="applicationShortName">Usually a shorter or different name than the default AssemblyInfo name.</param>
            <returns>The combination of application information and server information.</returns>
        </member>
        <member name="M:SmartSignal.Com.EPICenter.Service.Client.UserInterface.EPICenterWindowTitle(System.Windows.Forms.Control,SmartSignal.Com.EPICenter.Service.Contract.SessionInformation,System.String,System.String)">
            <summary>
            Sets the form's text (window title) using a consistent naming convention.
            </summary>
            <param name="mainForm">Usually the application's main form. If null, then the window text won't be set.</param>
            <param name="sessionInfo">The server information.</param>
            <param name="applicationShortName">Usually a shorter or different name than the default AssemblyInfo name.</param>
            <param name="versionFormat">String.Format of version information to show. {0}=major, {1}=minor, {2}=build, {3}=revision</param>
            <returns>The combination of application information and server information.</returns>
        </member>
        <member name="M:SmartSignal.Com.EPICenter.Service.Client.UserInterface.EPICenterWindowTitleWithVersion(System.Windows.Forms.Control,SmartSignal.Com.EPICenter.Service.Contract.SessionInformation,System.String,System.String)">
            <summary>
            Sets the form's text (window title) using a consistent naming convention.
            </summary>
            <param name="mainForm">Usually the application's main form. If null, then the window text won't be set.</param>
            <param name="sessionInfo">The server information.</param>
            <param name="applicationShortName">A shorter or different name than the default EnvironmentHelper.AssemblyName.</param>
            <param name="applicationVersion">A different version number format than the default EnvironmentHelper.VersionTitle.</param>
            <returns>The combination of application information and server information.</returns>
        </member>
        <member name="M:SmartSignal.Com.EPICenter.Service.Client.UserInterface.EPICenterWindowTitleWithVersion(SmartSignal.Com.EPICenter.Service.Contract.ISessionInformation,System.String,System.String)">
            <summary>
            Gets the standard window title title using a consistent naming convention.
            </summary>
            <param name="sessionInfo">The server information.</param>
            <param name="applicationShortName">A shorter or different name than the default EnvironmentHelper.AssemblyName.</param>
            <param name="applicationVersion">A different version number format than the default EnvironmentHelper.VersionTitle.</param>
            <returns>The combination of application information and server information.</returns>
        </member>
        <member name="T:SmartSignal.Com.EPICenter.Service.Client.WinFormsAppLoadingControl">
            <summary>
            Control for showing a standard "Loading..." background area while an application is loading.
            </summary>
        </member>
        <member name="M:SmartSignal.Com.EPICenter.Service.Client.WinFormsAppLoadingControl.#ctor">
            <summary>Control's default constructor</summary>
        </member>
        <member name="M:SmartSignal.Com.EPICenter.Service.Client.WinFormsAppLoadingControl.SetNameOfComponentBeingLoaded(System.String)">
            <summary>
            Call to set custom "Loading..." text to "Loading {0}...", where you specify the component being loaded.
            </summary>
            <param name="name">Name of component being loaded. If null or white space, then a generic "Loading..." string will be used instead.</param>
        </member>
        <member name="F:SmartSignal.Com.EPICenter.Service.Client.WinFormsAppLoadingControl.components">
            <summary> 
            Required designer variable.
            </summary>
        </member>
        <member name="M:SmartSignal.Com.EPICenter.Service.Client.WinFormsAppLoadingControl.Dispose(System.Boolean)">
            <summary> 
            Clean up any resources being used.
            </summary>
            <param name="disposing">true if managed resources should be disposed; otherwise, false.</param>
        </member>
        <member name="M:SmartSignal.Com.EPICenter.Service.Client.WinFormsAppLoadingControl.InitializeComponent">
            <summary> 
            Required method for Designer support - do not modify 
            the contents of this method with the code editor.
            </summary>
        </member>
    </members>
</doc>
