<?xml version="1.0"?>
<doc>
    <assembly>
        <name>SmartSignal.Client.Helper</name>
    </assembly>
    <members>
        <member name="M:SmartSignal.Com.EPICenter.Service.Client.AddressHelper.AreEqual(System.String,System.String,System.String,System.String)">
            <summary>
            Checks if two sets of address and port are equal
            </summary>
            <param name="address">First address</param>
            <param name="port">First port</param>
            <param name="addressToCompare">Second address</param>
            <param name="portToCompare">Second port</param>
            <returns>True if the address/port pairs are equal</returns>
        </member>
        <member name="T:SmartSignal.Com.EPICenter.Service.Client.ApplicationData">
            <summary>This class contains all of the data that we use throughout the application.</summary>
        </member>
        <member name="F:SmartSignal.Com.EPICenter.Service.Client.ApplicationData.Log">
            <summary>Member variables are not strictly required but are used to cache information
            rather than re-loading data each time it is needed.</summary>
        </member>
        <member name="F:SmartSignal.Com.EPICenter.Service.Client.ApplicationData.InvalidCultureId">
            <summary>
            LCID to store when a culture ID is not explicitly provided.
            </summary>
        </member>
        <member name="P:SmartSignal.Com.EPICenter.Service.Client.ApplicationData.Servers">
            <summary>Our application's set of servers.</summary>
        </member>
        <member name="P:SmartSignal.Com.EPICenter.Service.Client.ApplicationData.UseCustomColors">
            <remarks>property is "private" because outside probably should not ever need know about this one</remarks>
        </member>
        <member name="P:SmartSignal.Com.EPICenter.Service.Client.ApplicationData.SelectedServer">
            <summary>User-Level Settings can be modified by end users.</summary>
        </member>
        <member name="M:SmartSignal.Com.EPICenter.Service.Client.AsyncConnectivityCheckerEventArgs.#ctor(System.String,System.String,System.Int32,System.Uri,System.Boolean,System.Boolean,System.Exception)">
            <summary>
            See similarly-named properties for documentation of each individual parameter.
            </summary>
        </member>
        <member name="P:SmartSignal.Com.EPICenter.Service.Client.AsyncConnectivityCheckerEventArgs.Address">
            <summary>
            Network address of the machine hosting services.
            </summary>
        </member>
        <member name="P:SmartSignal.Com.EPICenter.Service.Client.AsyncConnectivityCheckerEventArgs.Port">
            <summary>
            Network port on which the services are hosted for the specified <see cref="P:SmartSignal.Com.EPICenter.Service.Client.AsyncConnectivityCheckerEventArgs.Address"/>.
            </summary>
        </member>
        <member name="P:SmartSignal.Com.EPICenter.Service.Client.AsyncConnectivityCheckerEventArgs.Timeout">
            <summary>
            Timeout after which the operation should give up.
            </summary>
        </member>
        <member name="P:SmartSignal.Com.EPICenter.Service.Client.AsyncConnectivityCheckerEventArgs.ConnectionUri">
            <summary>
            The <see cref="T:System.Uri"/> to which a connection attempt was performed.
            </summary>
        </member>
        <member name="P:SmartSignal.Com.EPICenter.Service.Client.AsyncConnectivityCheckerEventArgs.Connected">
            <summary>
            Denotes whether or not a connection could be established to the services
            at the specified host.
            </summary>
        </member>
        <member name="P:SmartSignal.Com.EPICenter.Service.Client.AsyncConnectivityCheckerEventArgs.PingResultIfNotConnected">
            <summary>
            Result of an attempt to ping the server. To save unnecessary
            time, the ping operation is only performed when a service-level
            connection cannot be established, as denoted by the <see cref="P:SmartSignal.Com.EPICenter.Service.Client.AsyncConnectivityCheckerEventArgs.Connected"/>
            property value of false.
            </summary>
        </member>
        <member name="T:SmartSignal.Com.EPICenter.Service.Client.AsyncConnectivityChecker">
            <summary>Asynchronously check connectivity to a services host.</summary>
        </member>
        <member name="P:SmartSignal.Com.EPICenter.Service.Client.AsyncConnectivityChecker.Address">
            <summary>Network address to which a connection should be attempted.</summary>
        </member>
        <member name="P:SmartSignal.Com.EPICenter.Service.Client.AsyncConnectivityChecker.Port">
            <summary>Network port to which a connection should be attempted.</summary>
        </member>
        <member name="P:SmartSignal.Com.EPICenter.Service.Client.AsyncConnectivityChecker.Timeout">
            <summary>Timeout after which a connection attempt should give up and return failure.</summary>
        </member>
        <member name="T:SmartSignal.Com.EPICenter.Service.Client.AsyncInformationManagerInitializer">
            <summary>
            Asynchronous object used to startup the Information Manager and
            establish a connection to it.
            </summary>
            <remarks>
            Implemented IDisposable per code analysis item CA1001 - because
            the class creates a member of the IDisposable type BackgroundWorker.
            </remarks>
        </member>
        <member name="T:SmartSignal.Com.EPICenter.Service.Client.AsyncResetPassword">
            <summary>Asynchronously establish a connection to an intallation.</summary>
        </member>
        <member name="E:SmartSignal.Com.EPICenter.Service.Client.AsyncReUseCredentials.OperationCompleted">
            <summary>Event raised when the asynchronous operation completes</summary>
        </member>
        <member name="T:SmartSignal.Com.EPICenter.Service.Client.Settings_DoNotLocalize">
            <summary>
              A strongly-typed resource class, for looking up localized strings, etc.
            </summary>
        </member>
        <member name="P:SmartSignal.Com.EPICenter.Service.Client.Settings_DoNotLocalize.ResourceManager">
            <summary>
              Returns the cached ResourceManager instance used by this class.
            </summary>
        </member>
        <member name="P:SmartSignal.Com.EPICenter.Service.Client.Settings_DoNotLocalize.Culture">
            <summary>
              Overrides the current thread's CurrentUICulture property for all
              resource lookups using this strongly typed resource class.
            </summary>
        </member>
        <member name="P:SmartSignal.Com.EPICenter.Service.Client.Settings_DoNotLocalize.AsyncInformationManagerInitializer_TrayConnectionLogStatement">
            <summary>
              Looks up a localized string similar to Successfully connected to SmartSignal Tray version {0}, compatibility index {1}, executing from: &apos;{2}&apos;.
            </summary>
        </member>
        <member name="P:SmartSignal.Com.EPICenter.Service.Client.Settings_DoNotLocalize.Color_BackgroundGradientBottomRight">
            <summary>
              Looks up a localized string similar to #B0B0B0.
            </summary>
        </member>
        <member name="P:SmartSignal.Com.EPICenter.Service.Client.Settings_DoNotLocalize.Color_BackgroundGradientTopLeft">
            <summary>
              Looks up a localized string similar to #505050.
            </summary>
        </member>
        <member name="P:SmartSignal.Com.EPICenter.Service.Client.Settings_DoNotLocalize.Color_BackgroundWithoutGradient">
            <summary>
              Looks up a localized string similar to #717174.
            </summary>
        </member>
        <member name="P:SmartSignal.Com.EPICenter.Service.Client.Settings_DoNotLocalize.Color_Text">
            <summary>
              Looks up a localized string similar to #FFFFFF.
            </summary>
        </member>
        <member name="P:SmartSignal.Com.EPICenter.Service.Client.Settings_DoNotLocalize.Color_Text_Error">
            <summary>
              Looks up a localized string similar to #FFFFFF.
            </summary>
        </member>
        <member name="P:SmartSignal.Com.EPICenter.Service.Client.Settings_DoNotLocalize.Color_TopPanel_BackgroundGradientBottom">
            <summary>
              Looks up a localized string similar to #333333.
            </summary>
        </member>
        <member name="P:SmartSignal.Com.EPICenter.Service.Client.Settings_DoNotLocalize.Color_TopPanel_BackgroundGradientTop">
            <summary>
              Looks up a localized string similar to #060606.
            </summary>
        </member>
        <member name="P:SmartSignal.Com.EPICenter.Service.Client.Settings_DoNotLocalize.Color_TopPanel_BackgroundWithoutGradient">
            <summary>
              Looks up a localized string similar to #060606.
            </summary>
        </member>
        <member name="P:SmartSignal.Com.EPICenter.Service.Client.Settings_DoNotLocalize.Color_TopPanel_DialogTitleForeColor">
            <summary>
              Looks up a localized string similar to #FFFFFF.
            </summary>
        </member>
        <member name="P:SmartSignal.Com.EPICenter.Service.Client.Settings_DoNotLocalize.ConnectionListControl_ImageColumn_MaxWidth">
            <summary>
              Looks up a localized string similar to 64.
            </summary>
        </member>
        <member name="P:SmartSignal.Com.EPICenter.Service.Client.Settings_DoNotLocalize.ConnectionListControl_ImageColumn_MinHeight">
            <summary>
              Looks up a localized string similar to 16.
            </summary>
        </member>
        <member name="P:SmartSignal.Com.EPICenter.Service.Client.Settings_DoNotLocalize.ConnectionListControl_ImageColumn_PaddingBottom">
            <summary>
              Looks up a localized string similar to 2.
            </summary>
        </member>
        <member name="P:SmartSignal.Com.EPICenter.Service.Client.Settings_DoNotLocalize.ConnectionListControl_ImageColumn_PaddingLeft">
            <summary>
              Looks up a localized string similar to 6.
            </summary>
        </member>
        <member name="P:SmartSignal.Com.EPICenter.Service.Client.Settings_DoNotLocalize.ConnectionListControl_ImageColumn_PaddingRight">
            <summary>
              Looks up a localized string similar to 6.
            </summary>
        </member>
        <member name="P:SmartSignal.Com.EPICenter.Service.Client.Settings_DoNotLocalize.ConnectionListControl_ImageColumn_PaddingTop">
            <summary>
              Looks up a localized string similar to 2.
            </summary>
        </member>
        <member name="P:SmartSignal.Com.EPICenter.Service.Client.Settings_DoNotLocalize.DEBUG_LogOnDataEntryControl_CouldNotSelectCulture">
            <summary>
              Looks up a localized string similar to Could not select culture &apos;{0}&apos; for server &apos;{1}&apos; ({2}). {3}.
            </summary>
        </member>
        <member name="P:SmartSignal.Com.EPICenter.Service.Client.Settings_DoNotLocalize.DpiHorizontalDesigned">
            <summary>
              Looks up a localized string similar to 96.
            </summary>
        </member>
        <member name="P:SmartSignal.Com.EPICenter.Service.Client.Settings_DoNotLocalize.DpiVerticalDesigned">
            <summary>
              Looks up a localized string similar to 96.
            </summary>
        </member>
        <member name="P:SmartSignal.Com.EPICenter.Service.Client.Settings_DoNotLocalize.LogOn_ErrorLogMessage_Formatter">
            <summary>
              Looks up a localized string similar to Logon returned result {0} (#{1}), reason &apos;{2}&apos;..
            </summary>
        </member>
        <member name="P:SmartSignal.Com.EPICenter.Service.Client.Settings_DoNotLocalize.LogOn_VerifyConnectionCheckTimerIntervalInMilliseconds">
            <summary>
              Looks up a localized string similar to 30000.
            </summary>
        </member>
        <member name="P:SmartSignal.Com.EPICenter.Service.Client.Settings_DoNotLocalize.LogOn_VerifyConnectionTimeoutInMilliseconds">
            <summary>
              Looks up a localized string similar to 10000.
            </summary>
        </member>
        <member name="P:SmartSignal.Com.EPICenter.Service.Client.Settings_DoNotLocalize.LogOn_VerifyConnectionTooltipTimeoutInMilliseconds">
            <summary>
              Looks up a localized string similar to 20000.
            </summary>
        </member>
        <member name="P:SmartSignal.Com.EPICenter.Service.Client.Settings_DoNotLocalize.LogOnDataEntryControl_ErrorResizingForPasswordChange">
            <summary>
              Looks up a localized string similar to Error while resizing to help accommodate change password controls..
            </summary>
        </member>
        <member name="P:SmartSignal.Com.EPICenter.Service.Client.Settings_DoNotLocalize.MainArgs_LogOnAutomatic">
            <summary>
              Looks up a localized string similar to -autologon.
            </summary>
        </member>
        <member name="P:SmartSignal.Com.EPICenter.Service.Client.Settings_DoNotLocalize.MainArgs_LogOnManual">
            <summary>
              Looks up a localized string similar to -logon.
            </summary>
        </member>
        <member name="P:SmartSignal.Com.EPICenter.Service.Client.LogOnUi.ConnectionsListControl.ConnectionReuseLatestAttempt">
            <summary>Get the set of information from the latest connection re-use attempt</summary>
        </member>
        <member name="M:SmartSignal.Com.EPICenter.Service.Client.LogOnUi.ConnectionsListControl.SetToolTip(System.Windows.Forms.DataGridViewRow,System.String)">
            <summary>
            Set the tooltip for all cells in the specified <see cref="T:System.Windows.Forms.DataGridViewRow"/>.
            </summary>
            <param name="row">Row in which to set the tooltip</param>
            <param name="toolTipText">Text to set for the tooltip</param>
        </member>
        <member name="M:SmartSignal.Com.EPICenter.Service.Client.LogOnUi.ConnectionsListControl.Dispose(System.Boolean)">
            <summary> 
            Clean up any resources being used.
            </summary>
            <param name="disposing">true if managed resources should be disposed; otherwise, false.</param>
        </member>
        <member name="F:SmartSignal.Com.EPICenter.Service.Client.LogOnUi.ConnectionsListControl.components">
            <summary> 
            Required designer variable.
            </summary>
        </member>
        <member name="M:SmartSignal.Com.EPICenter.Service.Client.LogOnUi.ConnectionsListControl.InitializeComponent">
            <summary> 
            Required method for Designer support - do not modify 
            the contents of this method with the code editor.
            </summary>
        </member>
        <member name="P:SmartSignal.Com.EPICenter.Service.Client.LogOnUi.InformationManagerInitializerControl.AutomaticallyCreatedConnection">
            <summary>
            This instance will attempt to automatically create a connection. If it is
            successful, this will contain a non-null set of new connection information.
            </summary>
        </member>
        <member name="M:SmartSignal.Com.EPICenter.Service.Client.LogOnUi.InformationManagerInitializerControl.Dispose(System.Boolean)">
            <summary> 
            Clean up any resources being used.
            </summary>
            <param name="disposing">true if managed resources should be disposed; otherwise, false.</param>
        </member>
        <member name="F:SmartSignal.Com.EPICenter.Service.Client.LogOnUi.InformationManagerInitializerControl.components">
            <summary> 
            Required designer variable.
            </summary>
        </member>
        <member name="M:SmartSignal.Com.EPICenter.Service.Client.LogOnUi.InformationManagerInitializerControl.InitializeComponent">
            <summary> 
            Required method for Designer support - do not modify 
            the contents of this method with the code editor.
            </summary>
        </member>
        <member name="F:SmartSignal.Com.EPICenter.Service.Client.LogOnUi.LogOnDataEntryControl._worker">
            <summary>Worker thread used to connect to a server.</summary>
        </member>
        <member name="E:SmartSignal.Com.EPICenter.Service.Client.LogOnUi.LogOnDataEntryControl.ExitApplication">
            <summary>The user has requested to exit the application.</summary>
        </member>
        <member name="E:SmartSignal.Com.EPICenter.Service.Client.LogOnUi.LogOnDataEntryControl.LoggedOn">
            <summary>The user has requested a logon using the information on this form.</summary>
        </member>
        <member name="M:SmartSignal.Com.EPICenter.Service.Client.LogOnUi.LogOnDataEntryControl.Dispose(System.Boolean)">
            <summary> 
            Clean up any resources being used.
            </summary>
            <param name="disposing">true if managed resources should be disposed; otherwise, false.</param>
        </member>
        <member name="M:SmartSignal.Com.EPICenter.Service.Client.LogOnUi.LogOnDataEntryControl.Unload">
            <summary>
            Begin the process of unloading this object. Background workers and other objects
            which might be in use will be stopped.
            </summary>
        </member>
        <member name="P:SmartSignal.Com.EPICenter.Service.Client.LogOnUi.LogOnDataEntryControl.IsUnloading">
            <summary>
            Denotes when this control has begun unloading itself. The UI will no longer behave
            properly when the control is unloading. When this is set, we can cancel background
            workers and begin performing other cleanup to prevent errors during after dispose.
            </summary>
        </member>
        <member name="M:SmartSignal.Com.EPICenter.Service.Client.LogOnUi.LogOnDataEntryControl.SelectedExistingServer">
            <summary>Selected server, if a server was selected from the existing list of servers.</summary>
        </member>
        <member name="M:SmartSignal.Com.EPICenter.Service.Client.LogOnUi.LogOnDataEntryControl.SelectedNewServer">
            <summary>
            A new server object if they specified a server object appropriately but the server is not one
            which was chosen from the existing list of servers.
            </summary>
        </member>
        <member name="M:SmartSignal.Com.EPICenter.Service.Client.LogOnUi.LogOnDataEntryControl.ShowConnectionError(SmartSignal.Com.EPICenter.Service.Client.SessionClientCommon.ConnectionInformation)">
            <summary>
            Allows our parent to call through to us to display a log on error as a result
            of a log on performed elsewhere (ex. on the credentials re-use page).
            </summary>
            <param name="connection"></param>
        </member>
        <member name="F:SmartSignal.Com.EPICenter.Service.Client.LogOnUi.LogOnDataEntryControl.components">
            <summary> 
            Required designer variable.
            </summary>
        </member>
        <member name="M:SmartSignal.Com.EPICenter.Service.Client.LogOnUi.LogOnDataEntryControl.InitializeComponent">
            <summary> 
            Required method for Designer support - do not modify 
            the contents of this method with the code editor.
            </summary>
        </member>
        <member name="F:SmartSignal.Com.EPICenter.Service.Client.LogOnUi.StatusDetailControl.components">
            <summary> 
            Required designer variable.
            </summary>
        </member>
        <member name="M:SmartSignal.Com.EPICenter.Service.Client.LogOnUi.StatusDetailControl.Dispose(System.Boolean)">
            <summary> 
            Clean up any resources being used.
            </summary>
            <param name="disposing">true if managed resources should be disposed; otherwise, false.</param>
        </member>
        <member name="M:SmartSignal.Com.EPICenter.Service.Client.LogOnUi.StatusDetailControl.InitializeComponent">
            <summary> 
            Required method for Designer support - do not modify 
            the contents of this method with the code editor.
            </summary>
        </member>
        <member name="P:SmartSignal.Com.EPICenter.Service.Client.LogOnUi.LogOnUiForm.CreateParams">
            <summary>
            Change the window style in order to display the context menu in the taskbar even if
            the form border is not displayed. With the form border style set to "none", the context
            menu does NOT appear on its own.
            </summary>
        </member>
        <member name="F:SmartSignal.Com.EPICenter.Service.Client.LogOnUi.LogOnUiForm.components">
            <summary>
            Required designer variable.
            </summary>
        </member>
        <member name="M:SmartSignal.Com.EPICenter.Service.Client.LogOnUi.LogOnUiForm.Dispose(System.Boolean)">
            <summary>
            Clean up any resources being used.
            </summary>
            <param name="disposing">true if managed resources should be disposed; otherwise, false.</param>
        </member>
        <member name="M:SmartSignal.Com.EPICenter.Service.Client.LogOnUi.LogOnUiForm.InitializeComponent">
            <summary>
            Required method for Designer support - do not modify
            the contents of this method with the code editor.
            </summary>
        </member>
        <member name="M:SmartSignal.Com.EPICenter.Service.Client.LogOnUi.StatusControl.RequestDisplayStatusDetail">
            <summary>
            Initiate a request by this control to display status details.
            </summary>
        </member>
        <member name="F:SmartSignal.Com.EPICenter.Service.Client.LogOnUi.StatusControl.components">
            <summary> 
            Required designer variable.
            </summary>
        </member>
        <member name="M:SmartSignal.Com.EPICenter.Service.Client.LogOnUi.StatusControl.Dispose(System.Boolean)">
            <summary> 
            Clean up any resources being used.
            </summary>
            <param name="disposing">true if managed resources should be disposed; otherwise, false.</param>
        </member>
        <member name="M:SmartSignal.Com.EPICenter.Service.Client.LogOnUi.StatusControl.InitializeComponent">
            <summary> 
            Required method for Designer support - do not modify 
            the contents of this method with the code editor.
            </summary>
        </member>
        <member name="T:SmartSignal.Com.EPICenter.Service.Client.OsNotificationLevel">
            <summary>
            Levels of 
            </summary>
        </member>
        <member name="F:SmartSignal.Com.EPICenter.Service.Client.OsNotificationLevel.None">
            <summary>No notifications should be displayed.</summary>
        </member>
        <member name="F:SmartSignal.Com.EPICenter.Service.Client.OsNotificationLevel.Fatal">
            <summary>Only fatal errors should be displayed.</summary>
        </member>
        <member name="F:SmartSignal.Com.EPICenter.Service.Client.OsNotificationLevel.Error">
            <summary>Errors should be displayed.</summary>
        </member>
        <member name="F:SmartSignal.Com.EPICenter.Service.Client.OsNotificationLevel.Warning">
            <summary>Warnings and errors should be displayed.</summary>
        </member>
        <member name="F:SmartSignal.Com.EPICenter.Service.Client.OsNotificationLevel.Verbose">
            <summary>Verbose/informational messages, warnings and errors should be displayed.</summary>
        </member>
        <member name="F:SmartSignal.Com.EPICenter.Service.Client.OsNotificationLevel.All">
            <summary>All notifications should be displayed.</summary>
        </member>
        <member name="T:SmartSignal.Com.EPICenter.Service.Client.Properties.Resources">
            <summary>
              A strongly-typed resource class, for looking up localized strings, etc.
            </summary>
        </member>
        <member name="P:SmartSignal.Com.EPICenter.Service.Client.Properties.Resources.ResourceManager">
            <summary>
              Returns the cached ResourceManager instance used by this class.
            </summary>
        </member>
        <member name="P:SmartSignal.Com.EPICenter.Service.Client.Properties.Resources.Culture">
            <summary>
              Overrides the current thread's CurrentUICulture property for all
              resource lookups using this strongly typed resource class.
            </summary>
        </member>
        <member name="P:SmartSignal.Com.EPICenter.Service.Client.Properties.Resources.AsyncConnector_LogOnReturnedInvalidGuid">
            <summary>
              Looks up a localized string similar to Log On returned an invalid session GUID..
            </summary>
        </member>
        <member name="P:SmartSignal.Com.EPICenter.Service.Client.Properties.Resources.AsyncConnector_LogOnReturnedInvalidInstallationId">
            <summary>
              Looks up a localized string similar to The installation returned an invalid installation ID. Please report this error to your administrator..
            </summary>
        </member>
        <member name="P:SmartSignal.Com.EPICenter.Service.Client.Properties.Resources.AsyncConnector_LogOnThreadInvalidReturnObject">
            <summary>
              Looks up a localized string similar to Log On background worker thread returned an invalid object..
            </summary>
        </member>
        <member name="P:SmartSignal.Com.EPICenter.Service.Client.Properties.Resources.AsyncConnector_State_CheckingDiscoveryInfo">
            <summary>
              Looks up a localized string similar to Checking for discovery information for other servers....
            </summary>
        </member>
        <member name="P:SmartSignal.Com.EPICenter.Service.Client.Properties.Resources.AsyncConnector_State_Connecting">
            <summary>
              Looks up a localized string similar to Connecting.
            </summary>
        </member>
        <member name="P:SmartSignal.Com.EPICenter.Service.Client.Properties.Resources.AsyncConnector_State_DiscoveringServer">
            <summary>
              Looks up a localized string similar to Discovering server &apos;{0}&apos; at {1}:{2}....
            </summary>
        </member>
        <member name="P:SmartSignal.Com.EPICenter.Service.Client.Properties.Resources.AsyncConnector_State_Finishing">
            <summary>
              Looks up a localized string similar to Finishing....
            </summary>
        </member>
        <member name="P:SmartSignal.Com.EPICenter.Service.Client.Properties.Resources.AsyncConnector_State_RetrievingSessionInfo">
            <summary>
              Looks up a localized string similar to Retrieving session information....
            </summary>
        </member>
        <member name="P:SmartSignal.Com.EPICenter.Service.Client.Properties.Resources.AsyncConnector_State_UpdatingServerInfo">
            <summary>
              Looks up a localized string similar to Updating server information....
            </summary>
        </member>
        <member name="P:SmartSignal.Com.EPICenter.Service.Client.Properties.Resources.AsyncInformationManagerInitializer_Error_UnableToRegister">
            <summary>
              Looks up a localized string similar to Could not register with the Tray..
            </summary>
        </member>
        <member name="P:SmartSignal.Com.EPICenter.Service.Client.Properties.Resources.AsyncInformationManagerInitializer_Error_UnableToStart">
            <summary>
              Looks up a localized string similar to Unable to initialize a connection to the Tray..
            </summary>
        </member>
        <member name="P:SmartSignal.Com.EPICenter.Service.Client.Properties.Resources.AsyncInformationManagerInitializer_Error_UnexpectedWorkerThreadError">
            <summary>
              Looks up a localized string similar to Unexpected Application Error. Worker thread is null in worker completed event handler..
            </summary>
        </member>
        <member name="P:SmartSignal.Com.EPICenter.Service.Client.Properties.Resources.AsyncInformationManagerInitializer_State_Connecting">
            <summary>
              Looks up a localized string similar to Connecting to the Tray....
            </summary>
        </member>
        <member name="P:SmartSignal.Com.EPICenter.Service.Client.Properties.Resources.AsyncInformationManagerInitializer_State_Registering">
            <summary>
              Looks up a localized string similar to Registering this application with the Tray....
            </summary>
        </member>
        <member name="P:SmartSignal.Com.EPICenter.Service.Client.Properties.Resources.AsyncInformationManagerInitializer_State_ReUsingCachedCredentials">
            <summary>
              Looks up a localized string similar to Automatic connection in progress....
            </summary>
        </member>
        <member name="P:SmartSignal.Com.EPICenter.Service.Client.Properties.Resources.AsyncInformationManagerInitializer_State_Starting">
            <summary>
              Looks up a localized string similar to Starting the Tray....
            </summary>
        </member>
        <member name="P:SmartSignal.Com.EPICenter.Service.Client.Properties.Resources.AsyncInformationManagerInitializer_State_TryAutoCreateConnection">
            <summary>
              Looks up a localized string similar to Attempting to automatically log on....
            </summary>
        </member>
        <member name="P:SmartSignal.Com.EPICenter.Service.Client.Properties.Resources.AsyncInformationManagerInitializer_State_Verifying">
            <summary>
              Looks up a localized string similar to Verifying connection to the Tray....
            </summary>
        </member>
        <member name="P:SmartSignal.Com.EPICenter.Service.Client.Properties.Resources.ClientApplication_AssetCenter">
            <summary>
              Looks up a localized string similar to Asset Center.
            </summary>
        </member>
        <member name="P:SmartSignal.Com.EPICenter.Service.Client.Properties.Resources.ClientApplication_BlueprintCenter">
            <summary>
              Looks up a localized string similar to Blueprint Center.
            </summary>
        </member>
        <member name="P:SmartSignal.Com.EPICenter.Service.Client.Properties.Resources.ClientApplication_ConnectionCenter">
            <summary>
              Looks up a localized string similar to Connection Center.
            </summary>
        </member>
        <member name="P:SmartSignal.Com.EPICenter.Service.Client.Properties.Resources.ClientApplication_CoreCenter">
            <summary>
              Looks up a localized string similar to Core Center.
            </summary>
        </member>
        <member name="P:SmartSignal.Com.EPICenter.Service.Client.Properties.Resources.ClientApplication_FleetBuildOut">
            <summary>
              Looks up a localized string similar to Fleet Build Out.
            </summary>
        </member>
        <member name="P:SmartSignal.Com.EPICenter.Service.Client.Properties.Resources.ClientApplication_Gatekeeper">
            <summary>
              Looks up a localized string similar to Gatekeeper.
            </summary>
        </member>
        <member name="P:SmartSignal.Com.EPICenter.Service.Client.Properties.Resources.ClientApplication_Sentinel">
            <summary>
              Looks up a localized string similar to Sentinel.
            </summary>
        </member>
        <member name="P:SmartSignal.Com.EPICenter.Service.Client.Properties.Resources.ClientApplication_TransferCenter">
            <summary>
              Looks up a localized string similar to Transfer Center.
            </summary>
        </member>
        <member name="P:SmartSignal.Com.EPICenter.Service.Client.Properties.Resources.ClientApplication_TranslationCenter">
            <summary>
              Looks up a localized string similar to Translation Center.
            </summary>
        </member>
        <member name="P:SmartSignal.Com.EPICenter.Service.Client.Properties.Resources.ConnectionListControl_ConfirmClear">
             <summary>
               Looks up a localized string similar to Are you sure you would like to clear all of the stored 
            credentials? You will need to provide your user name
            and password when connecting to servers for
            which you currently have cached credentials..
             </summary>
        </member>
        <member name="P:SmartSignal.Com.EPICenter.Service.Client.Properties.Resources.ConnectionListControl_ConfirmClear_Header">
            <summary>
              Looks up a localized string similar to Clear Credentials?.
            </summary>
        </member>
        <member name="P:SmartSignal.Com.EPICenter.Service.Client.Properties.Resources.ConnectionsListControl_Connecting">
            <summary>
              Looks up a localized string similar to Connecting....
            </summary>
        </member>
        <member name="P:SmartSignal.Com.EPICenter.Service.Client.Properties.Resources.ConnectionsListControl_Culture_UnrecognizedId_Formatter">
            <summary>
              Looks up a localized string similar to &lt;Unrecognized Culture, ID=&apos;{0}&apos;&gt;.
            </summary>
        </member>
        <member name="P:SmartSignal.Com.EPICenter.Service.Client.Properties.Resources.ConnectionsListControl_Culture_UsedDefault">
            <summary>
              Looks up a localized string similar to &lt;Installation Default Culture&gt;.
            </summary>
        </member>
        <member name="P:SmartSignal.Com.EPICenter.Service.Client.Properties.Resources.ConnectionsListControl_ErrorCreatingNewSession">
            <summary>
              Looks up a localized string similar to An error occurred while attempting to connect to the selected installation using the selected credentials..
            </summary>
        </member>
        <member name="P:SmartSignal.Com.EPICenter.Service.Client.Properties.Resources.ConnectionsListControl_InvalidAddressPlaceholder">
            <summary>
              Looks up a localized string similar to &lt;Address&gt;.
            </summary>
        </member>
        <member name="P:SmartSignal.Com.EPICenter.Service.Client.Properties.Resources.ConnectionsListControl_InvalidCulturePlaceholder">
            <summary>
              Looks up a localized string similar to &lt;Unspecified Culture&gt;.
            </summary>
        </member>
        <member name="P:SmartSignal.Com.EPICenter.Service.Client.Properties.Resources.ConnectionsListControl_InvalidDisplayNamePlaceholder">
            <summary>
              Looks up a localized string similar to &lt;Server&gt;.
            </summary>
        </member>
        <member name="P:SmartSignal.Com.EPICenter.Service.Client.Properties.Resources.ConnectionsListControl_InvalidPortPlaceholder">
            <summary>
              Looks up a localized string similar to &lt;Port&gt;.
            </summary>
        </member>
        <member name="P:SmartSignal.Com.EPICenter.Service.Client.Properties.Resources.ConnectionsListControl_InvalidUserIdPlaceholder">
            <summary>
              Looks up a localized string similar to &lt;User Name&gt;.
            </summary>
        </member>
        <member name="P:SmartSignal.Com.EPICenter.Service.Client.Properties.Resources.ConnectionsListControl_RestartingTray">
            <summary>
              Looks up a localized string similar to Restarting the Tray....
            </summary>
        </member>
        <member name="P:SmartSignal.Com.EPICenter.Service.Client.Properties.Resources.ConnectionsListControl_RestartingTray_Complete">
            <summary>
              Looks up a localized string similar to Completed attempt to restart the Tray. The list above has been updated with the current set of cached credentials from the Tray..
            </summary>
        </member>
        <member name="P:SmartSignal.Com.EPICenter.Service.Client.Properties.Resources.ConnectionsListControl_RestartingTray_Error">
            <summary>
              Looks up a localized string similar to An error occurred try to restart the Tray....
            </summary>
        </member>
        <member name="P:SmartSignal.Com.EPICenter.Service.Client.Properties.Resources.ConnectionsListControl_ServerDisplay">
             <summary>
               Looks up a localized string similar to {0}
            {2}.
             </summary>
        </member>
        <member name="P:SmartSignal.Com.EPICenter.Service.Client.Properties.Resources.ConnectionsListControl_ServerDisplay_DifferentLanguage">
             <summary>
               Looks up a localized string similar to {0}
            {2}
            {3}.
             </summary>
        </member>
        <member name="P:SmartSignal.Com.EPICenter.Service.Client.Properties.Resources.ConnectionsListControl_ServerDisplay_ToolTip">
             <summary>
               Looks up a localized string similar to {0}
            {1}
            {2}
            {3}.
             </summary>
        </member>
        <member name="P:SmartSignal.Com.EPICenter.Service.Client.Properties.Resources.ConnectionsListControl_UnableToCommunicateWithTray">
            <summary>
              Looks up a localized string similar to An error occurred when communicating with the Tray. Please restart the Tray..
            </summary>
        </member>
        <member name="P:SmartSignal.Com.EPICenter.Service.Client.Properties.Resources.Error_EndpointNotFoundException_Detail">
             <summary>
               Looks up a localized string similar to Please ensure that you have entered the server address correctly. If the address is correct, ensure that your computer has network connectivity. If you are still unable to connect, please contact your administrator.
            
            The exception message is:
            {0}.
             </summary>
        </member>
        <member name="P:SmartSignal.Com.EPICenter.Service.Client.Properties.Resources.Error_EndpointNotFoundException_Summary">
            <summary>
              Looks up a localized string similar to Unable to connect to the server..
            </summary>
        </member>
        <member name="P:SmartSignal.Com.EPICenter.Service.Client.Properties.Resources.Error_NoAccessRightToRunApplication_Formatter">
            <summary>
              Looks up a localized string similar to You do not have access rights to run {0}..
            </summary>
        </member>
        <member name="P:SmartSignal.Com.EPICenter.Service.Client.Properties.Resources.Error_ProtocolException_Detail">
             <summary>
               Looks up a localized string similar to A ProtocolException indicates that the client application is able to communicate with the server, but the way that the client application is attempting to communicate is not the way that the server expects. Administrators should examine client application logs and server logs to determine why the client and server differ in their communication protocols.
            
            The exception message is:
            {0}.
             </summary>
        </member>
        <member name="P:SmartSignal.Com.EPICenter.Service.Client.Properties.Resources.Error_ProtocolException_Summary">
            <summary>
              Looks up a localized string similar to Error communicating with the server. Please contact your administrator. [ProtocolException].
            </summary>
        </member>
        <member name="P:SmartSignal.Com.EPICenter.Service.Client.Properties.Resources.Error_ServiceActivationException_Detail">
             <summary>
               Looks up a localized string similar to A ServiceActivationException indicates that the client application was able to communicate with the server, but the server was unable to run the service. Administrators should examine server logs to determine why the service is unable to activate.
            
            The exception message is:
            {0}.
             </summary>
        </member>
        <member name="P:SmartSignal.Com.EPICenter.Service.Client.Properties.Resources.Error_ServiceActivationException_Summary">
            <summary>
              Looks up a localized string similar to The server encountered an error. Please contact your administrator. [ServiceActivationException].
            </summary>
        </member>
        <member name="P:SmartSignal.Com.EPICenter.Service.Client.Properties.Resources.Error_TimeoutException_Detail_Formatter">
             <summary>
               Looks up a localized string similar to Please ensure that your computer is properly connected to the network. If properly connected and you continue to receive this message, please contact your administrator.
            
            {0}.
             </summary>
        </member>
        <member name="P:SmartSignal.Com.EPICenter.Service.Client.Properties.Resources.Error_TimeoutException_Summary">
            <summary>
              Looks up a localized string similar to The connection attempted timed out..
            </summary>
        </member>
        <member name="P:SmartSignal.Com.EPICenter.Service.Client.Properties.Resources.Error_UnableToCreateServiceInstance">
            <summary>
              Looks up a localized string similar to Unable to create a service channel. Please contact your administrator..
            </summary>
        </member>
        <member name="P:SmartSignal.Com.EPICenter.Service.Client.Properties.Resources.InformationManagerInitializerControl_Error_UnableToConnectToManager">
             <summary>
               Looks up a localized string similar to Unable to initialize and connect to the Tray.
            You will still be able to log on, but some features may not function correctly..
             </summary>
        </member>
        <member name="P:SmartSignal.Com.EPICenter.Service.Client.Properties.Resources.InformationManagerInitializerControl_State_DidNotStart">
            <summary>
              Looks up a localized string similar to Unable to communicate with the Tray. You will still be able to log on, but log on information will not be managed or cached for re-use..
            </summary>
        </member>
        <member name="P:SmartSignal.Com.EPICenter.Service.Client.Properties.Resources.InformationManagerInitializerControl_State_InitializationCanceled">
            <summary>
              Looks up a localized string similar to Initialization canceled. You will still be able to log on, but some features may not function correctly..
            </summary>
        </member>
        <member name="P:SmartSignal.Com.EPICenter.Service.Client.Properties.Resources.InformationManagerInitializerControl_State_Initializing">
            <summary>
              Looks up a localized string similar to Initializing....
            </summary>
        </member>
        <member name="P:SmartSignal.Com.EPICenter.Service.Client.Properties.Resources.LogOnDataEntryControl_ChooseLanguage">
            <summary>
              Looks up a localized string similar to Please choose a language..
            </summary>
        </member>
        <member name="P:SmartSignal.Com.EPICenter.Service.Client.Properties.Resources.LogOnDataEntryControl_Connecting">
            <summary>
              Looks up a localized string similar to Connecting....
            </summary>
        </member>
        <member name="P:SmartSignal.Com.EPICenter.Service.Client.Properties.Resources.LogOnDataEntryControl_CultureMenu_UseDefault">
            <summary>
              Looks up a localized string similar to &lt;Use Installation Default&gt;.
            </summary>
        </member>
        <member name="P:SmartSignal.Com.EPICenter.Service.Client.Properties.Resources.LogOnDataEntryControl_CultureMenuFormat">
            <summary>
              Looks up a localized string similar to {0} - {1}.
            </summary>
        </member>
        <member name="P:SmartSignal.Com.EPICenter.Service.Client.Properties.Resources.LogOnDataEntryControl_CurrentPasswordIncorrect_Formatter">
            <summary>
              Looks up a localized string similar to Current password incorrect. Please provide your current password..
            </summary>
        </member>
        <member name="P:SmartSignal.Com.EPICenter.Service.Client.Properties.Resources.LogOnDataEntryControl_ErrorCommunicatingWithTray">
            <summary>
              Looks up a localized string similar to An error occurred communicating with the Tray..
            </summary>
        </member>
        <member name="P:SmartSignal.Com.EPICenter.Service.Client.Properties.Resources.LogOnDataEntryControl_InvalidCulture">
            <summary>
              Looks up a localized string similar to {0} can no longer be used to log on. The list of languages has been updated..
            </summary>
        </member>
        <member name="P:SmartSignal.Com.EPICenter.Service.Client.Properties.Resources.LogOnDataEntryControl_InvalidServerString">
            <summary>
              Looks up a localized string similar to Invalid server information. Please specify your server address, for example, &apos;myserver&apos;. If your server address includes a port number, specify the format &apos;server:port&apos;, for example, &apos;1.2.3.4:8000&apos;..
            </summary>
        </member>
        <member name="P:SmartSignal.Com.EPICenter.Service.Client.Properties.Resources.LogOnDataEntryControl_InvalidUiState">
            <summary>
              Looks up a localized string similar to Error updating user interface..
            </summary>
        </member>
        <member name="P:SmartSignal.Com.EPICenter.Service.Client.Properties.Resources.LogOnDataEntryControl_LanguageScopeDataAndUi_Tooltip">
             <summary>
               Looks up a localized string similar to Display the entire application in the selected language or the
            best available translation similar to the selected language.
            Only choose this if you are comfortable reading the selected language..
             </summary>
        </member>
        <member name="P:SmartSignal.Com.EPICenter.Service.Client.Properties.Resources.LogOnDataEntryControl_LanguageScopeDataOnly_Tooltip_Formatter">
             <summary>
               Looks up a localized string similar to Only the data requested from the server will be shown
            in the selected language. The rest of the application
            will be shown in your operating system&apos;s language -
            {0} - or the best available
            matching translation. Choose this if you are most comfortable
            using {0}..
             </summary>
        </member>
        <member name="P:SmartSignal.Com.EPICenter.Service.Client.Properties.Resources.LogOnDataEntryControl_LogOnErrorWithNoDetails">
            <summary>
              Looks up a localized string similar to No details were specified..
            </summary>
        </member>
        <member name="P:SmartSignal.Com.EPICenter.Service.Client.Properties.Resources.LogOnDataEntryControl_PasswordChangeFailed">
            <summary>
              Looks up a localized string similar to Password change failed:.
            </summary>
        </member>
        <member name="P:SmartSignal.Com.EPICenter.Service.Client.Properties.Resources.LogOnDataEntryControl_PasswordChangeOptional">
            <summary>
              Looks up a localized string similar to Your password will expire in {0} days, would you like to change it now?.
            </summary>
        </member>
        <member name="P:SmartSignal.Com.EPICenter.Service.Client.Properties.Resources.LogOnDataEntryControl_PasswordChangeRequired">
            <summary>
              Looks up a localized string similar to You are required to change your password at this time:.
            </summary>
        </member>
        <member name="P:SmartSignal.Com.EPICenter.Service.Client.Properties.Resources.LogOnDataEntryControl_PasswordExpiresOneDay">
            <summary>
              Looks up a localized string similar to Your password will expire in {0} day, would you like to change it now?.
            </summary>
        </member>
        <member name="P:SmartSignal.Com.EPICenter.Service.Client.Properties.Resources.LogOnDataEntryControl_PasswordExpiresUnderOneDay">
            <summary>
              Looks up a localized string similar to Your password expires in less than a day. Would you like to change it now?.
            </summary>
        </member>
        <member name="P:SmartSignal.Com.EPICenter.Service.Client.Properties.Resources.LogOnDataEntryControl_PasswordReset_Error">
            <summary>
              Looks up a localized string similar to An error occurred when sending or processing the password reset request..
            </summary>
        </member>
        <member name="P:SmartSignal.Com.EPICenter.Service.Client.Properties.Resources.LogOnDataEntryControl_PasswordReset_Menu">
            <summary>
              Looks up a localized string similar to Reset Password.
            </summary>
        </member>
        <member name="P:SmartSignal.Com.EPICenter.Service.Client.Properties.Resources.LogOnDataEntryControl_PasswordReset_Menu_NotAllowed">
            <summary>
              Looks up a localized string similar to Reset Password (Not Allowed).
            </summary>
        </member>
        <member name="P:SmartSignal.Com.EPICenter.Service.Client.Properties.Resources.LogOnDataEntryControl_PasswordReset_MenuLoading">
            <summary>
              Looks up a localized string similar to Loading Allowed Actions....
            </summary>
        </member>
        <member name="P:SmartSignal.Com.EPICenter.Service.Client.Properties.Resources.LogOnDataEntryControl_PasswordReset_Processed">
            <summary>
              Looks up a localized string similar to The request was received and processed by the server. If you do not receive an email after several minutes, please contact your administrator for assistance..
            </summary>
        </member>
        <member name="P:SmartSignal.Com.EPICenter.Service.Client.Properties.Resources.LogOnDataEntryControl_PasswordReset_Succeeded">
            <summary>
              Looks up a localized string similar to The request succeeded. You will receive an email with further details..
            </summary>
        </member>
        <member name="P:SmartSignal.Com.EPICenter.Service.Client.Properties.Resources.LogOnDataEntryControl_PasswordResetRequest">
             <summary>
               Looks up a localized string similar to Have you forgotten your password? Provide your user name above and then click below to send a password reset request.
            
            If the installation allows passwords to be reset and your account has a valid email address configured, you will receive an email message with further instructions..
             </summary>
        </member>
        <member name="P:SmartSignal.Com.EPICenter.Service.Client.Properties.Resources.LogOnDataEntryControl_PasswordResetTip">
             <summary>
               Looks up a localized string similar to Unsure of your password? Click the button
            next to the password entry field to access
            the password reset form..
             </summary>
        </member>
        <member name="P:SmartSignal.Com.EPICenter.Service.Client.Properties.Resources.LogOnDataEntryControl_PasswordResetTip_Header">
            <summary>
              Looks up a localized string similar to Reset Password.
            </summary>
        </member>
        <member name="P:SmartSignal.Com.EPICenter.Service.Client.Properties.Resources.LogOnDataEntryControl_PasswordsMustMatch">
            <summary>
              Looks up a localized string similar to The values specified do not match..
            </summary>
        </member>
        <member name="P:SmartSignal.Com.EPICenter.Service.Client.Properties.Resources.LogOnDataEntryControl_ProvidePassword">
            <summary>
              Looks up a localized string similar to Please provide your password..
            </summary>
        </member>
        <member name="P:SmartSignal.Com.EPICenter.Service.Client.Properties.Resources.LogOnDataEntryControl_ProvideUserName">
            <summary>
              Looks up a localized string similar to Please provide your user name..
            </summary>
        </member>
        <member name="P:SmartSignal.Com.EPICenter.Service.Client.Properties.Resources.LogOnDataEntryControl_ServerConnectivity_TooltipHeader">
            <summary>
              Looks up a localized string similar to Network Connectivity.
            </summary>
        </member>
        <member name="P:SmartSignal.Com.EPICenter.Service.Client.Properties.Resources.LogOnDataEntryControl_ServerConnectivityConnecting_Tooltip">
            <summary>
              Looks up a localized string similar to Verifying connectivity to the services on &apos;{0}&apos;....
            </summary>
        </member>
        <member name="P:SmartSignal.Com.EPICenter.Service.Client.Properties.Resources.LogOnDataEntryControl_ServerConnectivityError_Tooltip">
             <summary>
               Looks up a localized string similar to Connected to the server &apos;{1}&apos;.
            
            Could not connect to services running on the server.
            Please ensure that you have entered the correct server.
            
            If you are unable to log on to the server, please contact
            your administrator..
             </summary>
        </member>
        <member name="P:SmartSignal.Com.EPICenter.Service.Client.Properties.Resources.LogOnDataEntryControl_ServerConnectivityErrorAndNoPing_Tooltip">
             <summary>
               Looks up a localized string similar to Could not verify connectivity to &apos;{0}&apos;.
            
            Please ensure that you have typed the server address correctly
            and that your network connection is working properly.
            
            If you are unable to log on to the server, please contact
            your administrator..
             </summary>
        </member>
        <member name="P:SmartSignal.Com.EPICenter.Service.Client.Properties.Resources.LogOnDataEntryControl_ServerConnectivitySuccess_Tooltip">
            <summary>
              Looks up a localized string similar to Verified connectivity to the services on &apos;{0}&apos;..
            </summary>
        </member>
        <member name="P:SmartSignal.Com.EPICenter.Service.Client.Properties.Resources.LogOnDataEntryControl_ServerMenu_BlankServerName">
            <summary>
              Looks up a localized string similar to &lt;No Name&gt;.
            </summary>
        </member>
        <member name="P:SmartSignal.Com.EPICenter.Service.Client.Properties.Resources.LogOnUiForm_TitleBarDefaultText">
            <summary>
              Looks up a localized string similar to Log On SmartSignal.
            </summary>
        </member>
        <member name="P:SmartSignal.Com.EPICenter.Service.Client.Properties.Resources.LogOnUiForm_TitleBarFormatter">
            <summary>
              Looks up a localized string similar to Log On {0}.
            </summary>
        </member>
        <member name="P:SmartSignal.Com.EPICenter.Service.Client.Properties.Resources.ServerManagerControl_ConfirmDiscard_Header">
             <summary>
               Looks up a localized string similar to Discard Changes?
            Next Line
            Three Lines.
             </summary>
        </member>
        <member name="P:SmartSignal.Com.EPICenter.Service.Client.Properties.Resources.ServerManagerControl_ConfirmDiscard_Text">
            <summary>
              Looks up a localized string similar to Are you sure you want to discard the changes that you made?.
            </summary>
        </member>
        <member name="P:SmartSignal.Com.EPICenter.Service.Client.Properties.Resources.Status_TextWithDetail_Formatter">
             <summary>
               Looks up a localized string similar to {0}
            
            {1}.
             </summary>
        </member>
        <member name="P:SmartSignal.Com.EPICenter.Service.Client.Properties.Resources.UserServiceResultCode_DatabaseConnectionCredentialsInvalid_Detail">
            <summary>
              Looks up a localized string similar to This error usually is a result of invalid SQL login information within the service host&apos;s configuration. For services hosted in IIS, this configuration can be found within the web.config file. The &lt;dataConfiguration&gt; entry&apos;s &quot;defaultDatabase&quot; attribute denotes the database entry in-use, and the database connection information can be found under the corresponding entry within the &lt;connectionStrings&gt; section..
            </summary>
        </member>
        <member name="P:SmartSignal.Com.EPICenter.Service.Client.Properties.Resources.UserServiceResultCode_HostConfigurationError_Detail">
             <summary>
               Looks up a localized string similar to This error usually is a result of invalid or malformed entries in the service host&apos;s configuration. For services hosted in IIS, this configuration can be found within the web.config file. Examine this file carefully for XML syntactical correctness, especially around any errors that may have been changed manually.
            
            Also, it may be helpful to open the URL of a service in order to see more details of the exception generated by IIS..
             </summary>
        </member>
        <member name="P:SmartSignal.Com.EPICenter.Service.Client.Properties.Resources.UserServiceResultCodeGenericMessage">
            <summary>
              Looks up a localized string similar to No details specified..
            </summary>
        </member>
        <member name="P:SmartSignal.Com.EPICenter.Service.Client.Properties.Resources.UserServiceResultCodeReasonFormatter">
            <summary>
              Looks up a localized string similar to [#{0}] {1}.
            </summary>
        </member>
        <member name="T:SmartSignal.Com.EPICenter.Service.Client.SessionHelper">
            <summary>
            SmartSignal's Logon Helper class gives you a simplified programmatic interface for
            establishing a connection to a SmartSignal installations. This helper takes
            care of all of the details of the logon process so that you do not need
            to spend time re-inventing a logon UI and handling all the details of logon.
            </summary>
        </member>
        <member name="M:SmartSignal.Com.EPICenter.Service.Client.SessionHelper.Initialize">
            <summary>
            OPTIONAL. Initialize this class for use. Since initialization can take a few 
            seconds, if you call this immediately when your application starts, it will
            allow this class can initialize concurrently while your application loads.
            </summary>
        </member>
        <member name="M:SmartSignal.Com.EPICenter.Service.Client.SessionHelper.IsValid(SmartSignal.Com.EPICenter.Service.Contract.ISessionInformation)">
            <summary>
            Determine whether a <see cref="T:SmartSignal.Com.EPICenter.Service.Contract.SessionInformation"/> object indicates that
            a session is a valid, active session.
            </summary>
            <param name="session">
            <see cref="T:SmartSignal.Com.EPICenter.Service.Contract.SessionInformation"/> object returned from a log on
            or other operation.
            </param>
            <returns>
            <para>true: the session was logged on successfully</para>
            <para>false: the session was not logged on</para>
            </returns>
        </member>
        <member name="M:SmartSignal.Com.EPICenter.Service.Client.SessionHelper.IsValid(SmartSignal.Com.EPICenter.Service.Contract.ISessionInformation,System.Boolean)">
            <summary>
            Determine whether a <see cref="T:SmartSignal.Com.EPICenter.Service.Contract.SessionInformation"/> object indicates that
            a session is a valid, active session, optionally checking the session against
            the server.
            </summary>
            <param name="session">
            <see cref="T:SmartSignal.Com.EPICenter.Service.Contract.SessionInformation"/> object returned from a log on
            or other operation.
            </param>
            <param name="queryServer">
            Whether or not the server should be queried in order to check the current
            validity of the session at the server.
            </param>
            <returns></returns>
        </member>
        <member name="M:SmartSignal.Com.EPICenter.Service.Client.SessionHelper.IsLoginAllowed(SmartSignal.Com.EPICenter.Service.Contract.ISessionInformation,SmartSignal.Com.EPICenter.Service.Client.ClientApplication,System.Drawing.Icon,System.Boolean)">
            <summary>
            Checks if the user session has the right to login to the <see cref="!:clientApplication"/>.
            </summary>
            <param name="session"><see cref="T:SmartSignal.Com.EPICenter.Service.Contract.SessionInformation"/> object returned from a log on or other operation.</param>
            <param name="clientApplication">The <see cref="T:SmartSignal.Com.EPICenter.Service.Client.ClientApplication"/> for which the user session will be
            checked if it has access right to login to it.</param>
            <param name="applicationIcon">The application icon to use when a message is displayed.</param>
            <param name="interactive">Set to true to display a message when the login is not allowed to the <see cref="!:clientApplication"/></param>
            <returns>True if the session is valid and login is allowed to the client application. False otherwise.</returns>
        </member>
        <member name="M:SmartSignal.Com.EPICenter.Service.Client.SessionHelper.IsAllowedCulture(SmartSignal.Com.EPICenter.Service.Contract.ISessionInformation,System.Int32)">
            <summary>
            Determines whether the session's installation supports a given culture LCID. 
            </summary>
            <param name="session">A valid session object.</param>
            <param name="culture">The LCID you're looking for.</param>
            <returns>True if the specified LCID is supported for the given session installation. Otherwise, false.</returns>
        </member>
        <member name="M:SmartSignal.Com.EPICenter.Service.Client.SessionHelper.IsAllowedCulture(SmartSignal.Com.EPICenter.Service.Contract.InstallationInformation,System.Int32)">
            <summary>
            Determines whether the installation supports a given culture LCID. 
            </summary>
            <param name="installation">A valid installation object.</param>
            <param name="culture">The LCID you're looking for.</param>
            <returns>True if the specified LCID is supported for the given installation. Otherwise, false.</returns>
        </member>
        <member name="M:SmartSignal.Com.EPICenter.Service.Client.SessionHelper.IsAllowedCulture(System.Collections.Generic.IEnumerable{System.Int32},System.Int32)">
            <summary>
            Searches an array of LCIDs to see if the specified culture is in it. 
            </summary>
            <param name="allowedCultures">An array of LCIDs</param>
            <param name="culture">The LCID you're looking for</param>
            <returns>True if the specified LCID is in the array of allowedCultures. Otherwise, false.</returns>
        </member>
        <member name="M:SmartSignal.Com.EPICenter.Service.Client.SessionHelper.IsAllowedCulture(System.Collections.Generic.ICollection{System.Int32},System.Int32)">
            <summary>
            Searches a list or collection of LCIDs to see if the specified culture is in it. 
            </summary>
            <param name="allowedCultures">A list or collection of LCIDs</param>
            <param name="culture">The LCID you're looking for</param>
            <returns>true if the specified LCID is in the list or collection of allowedCultures, otherwise false.</returns>
        </member>
        <member name="M:SmartSignal.Com.EPICenter.Service.Client.SessionHelper.HasLockdownAccess(SmartSignal.Com.EPICenter.Service.Contract.ISessionInformation)">
            <summary>
            Grant or deny access to the Lockdown application.
            </summary>
            <param name="session">The session requesting access.</param>
            <returns></returns>
        </member>
        <member name="P:SmartSignal.Com.EPICenter.Service.Client.SessionHelper.LogOnCommandLineOption">
            <summary>
            Returns the string used in the command line to manually log on with the provided parameters.
            </summary>
        </member>
        <member name="P:SmartSignal.Com.EPICenter.Service.Client.SessionHelper.AutoLogOnCommandLineOption">
            <summary>
            Returns the string used in the command line to automatically log on with the provided parameters.
            </summary>
        </member>
        <member name="P:SmartSignal.Com.EPICenter.Service.Client.SessionHelper.AttemptedAutomaticLogOn">
            <summary>
            True if you called LogOn with args that included an automatic log on attempt.
            </summary>
        </member>
        <member name="M:SmartSignal.Com.EPICenter.Service.Client.SessionHelper.LogOn(System.String,System.String[],System.Drawing.Icon)">
            <summary>
            This allows any application to pre-fill the logon screen or autologon
            through the command line or parameters by passing:
            arg[n]="-logon" (manual) or "-autologon" (automatic)
            arg[n+1]=address/port/description
            arg[n+2]=culture lcid
            arg[n+3]=username
            arg[n+4]=password
            If "-logon" or "-autologon" aren't found, then it is assumed that the
            parameters aren't meant for logging on, and the standard user-interactive
            log on window is shown.
            This means you can safely start your application with:
            var session = SessionHelper.LogOn(Properties.Resources.AssemblyName, args);
            </summary>
            <param name="applicationNameReadFromAResource">Read from Resources.AssemblyName to make it localizable.</param>
            <param name="args">Usually consists of any/all parameters passed to Main</param>
            <param name="applicationIcon">Icon to use on the log on UI form.</param>
            <returns>
            null: if a session cannot be established, the return value will be null
            </returns>
        </member>
        <member name="M:SmartSignal.Com.EPICenter.Service.Client.SessionHelper.LogOn(System.String,System.String[])">
            <summary>
            See <see cref="M:SmartSignal.Com.EPICenter.Service.Client.SessionHelper.LogOn(System.String,System.String[])"/>.
            </summary>
        </member>
        <member name="M:SmartSignal.Com.EPICenter.Service.Client.SessionHelper.LogOnWithStandardTitle(System.String)">
            <summary>
            Establish a session with a SmartSignal installation, using the standard EPICenter title.
            </summary>
            <returns>
            <param name="applicationNameReadFromAResource">Read from Resources.AssemblyName to make it localizable.</param>
            <para><see cref="T:SmartSignal.Com.EPICenter.Service.Contract.SessionInformation"/>: information for the session established</para>
            <para>null: if a session cannot be established, the return value will be null</para>
            </returns>
        </member>
        <member name="M:SmartSignal.Com.EPICenter.Service.Client.SessionHelper.LogOnWithStandardTitle(System.String,System.Drawing.Icon)">
            <summary>
            Establish a session with a SmartSignal installation, using the standard EPICenter title.
            </summary>
            <param name="applicationNameReadFromAResource">Read from Resources.AssemblyName to make it localizable.</param>
            <param name="applicationIcon">Icon to use on the log on UI form.</param>
            <returns>
            <para><see cref="T:SmartSignal.Com.EPICenter.Service.Contract.SessionInformation"/>: information for the session established</para>
            <para>null: if a session cannot be established, the return value will be null</para>
            </returns>
        </member>
        <member name="M:SmartSignal.Com.EPICenter.Service.Client.SessionHelper.LogOn">
            <summary>
            Establish a session with a SmartSignal installation.
            </summary>
            <returns>
            Information for the session established. If a session cannot be established,
            the result will be an invalid session. Use the
            <see cref="!:IsValid(SmartSignal.Com.EPICenter.Service.Contract.SessionInformation)"/>
            method to determine whether a result denotes a valid session.
            </returns>
        </member>
        <member name="M:SmartSignal.Com.EPICenter.Service.Client.SessionHelper.LogOn(SmartSignal.Com.EPICenter.Service.Contract.SessionToken,System.Int32)">
            <summary>
            Establish a session with a SmartSignal installation.
            </summary>
            <returns>
            Information for the session established. If a session cannot be established,
            the result will be an invalid session. Use the
            <see cref="!:IsValid(SmartSignal.Com.EPICenter.Service.Contract.SessionInformation)"/>
            method to determine whether a result denotes a valid session.
            </returns>
        </member>
        <member name="M:SmartSignal.Com.EPICenter.Service.Client.SessionHelper.LogOn(System.String)">
            <summary>
            Establish a session with a SmartSignal installation.
            </summary>
            <param name="applicationName">
            Name of the calling application for display purposes in the Log On
            UI dialog.
            </param>
            <returns>
            See <see cref="M:SmartSignal.Com.EPICenter.Service.Client.SessionHelper.LogOn"/> for details on the return value of all overloads of this method.
            </returns>
        </member>
        <member name="M:SmartSignal.Com.EPICenter.Service.Client.SessionHelper.LogOn(System.String,System.Drawing.Icon)">
            <summary>
            Establish a session with a SmartSignal installation.
            </summary>
            <param name="applicationName">
            Name of the calling application for display purposes in the Log On
            UI dialog.
            </param>
            <param name="applicationIcon">
            Icon of the calling application to show as the icon of the log on UI form.
            </param>
            <returns>
            See <see cref="M:SmartSignal.Com.EPICenter.Service.Client.SessionHelper.LogOn"/> for details on the return value of all overloads of this method.
            </returns>
        </member>
        <member name="M:SmartSignal.Com.EPICenter.Service.Client.SessionHelper.LogOn(System.String,System.String)">
            <summary>
            Establish a session with a SmartSignal installation.
            </summary>
            <returns>
            See <see cref="M:SmartSignal.Com.EPICenter.Service.Client.SessionHelper.LogOn"/> for details on the return value of all overloads of this method.
            </returns>
        </member>
        <member name="M:SmartSignal.Com.EPICenter.Service.Client.SessionHelper.LogOn(System.String,System.String,System.Drawing.Icon)">
            <summary>
            Establish a session with a SmartSignal installation.
            </summary>
            <returns>
            See <see cref="M:SmartSignal.Com.EPICenter.Service.Client.SessionHelper.LogOn"/> for details on the return value of all overloads of this method.
            </returns>
        </member>
        <member name="M:SmartSignal.Com.EPICenter.Service.Client.SessionHelper.LogOn(System.String,System.String,System.String,System.String)">
            <summary>
            Establish a session with a SmartSignal installation.
            </summary>
            <returns>
            See <see cref="M:SmartSignal.Com.EPICenter.Service.Client.SessionHelper.LogOn"/> for details on the return value of all overloads of this method.
            </returns>
        </member>
        <member name="M:SmartSignal.Com.EPICenter.Service.Client.SessionHelper.LogOn(System.String,System.String,System.String,System.String,System.Drawing.Icon)">
            <summary>
            Establish a session with a SmartSignal installation.
            </summary>
            <returns>
            See <see cref="M:SmartSignal.Com.EPICenter.Service.Client.SessionHelper.LogOn"/> for details on the return value of all overloads of this method.
            </returns>
        </member>
        <member name="M:SmartSignal.Com.EPICenter.Service.Client.SessionHelper.LogOn(System.String,System.String,System.Globalization.CultureInfo,System.String,System.String,System.Boolean,System.Drawing.Icon)">
            <summary>
            Establish a session with a SmartSignal installation.
            </summary>
            <returns>
            See <see cref="M:SmartSignal.Com.EPICenter.Service.Client.SessionHelper.LogOn"/> for details on the return value of all overloads of this method.
            </returns>
        </member>
        <member name="M:SmartSignal.Com.EPICenter.Service.Client.SessionHelper.LogOff(SmartSignal.Com.EPICenter.Service.Contract.SessionToken)">
            <summary>
            Discard a session token. Call this when your application is done with its session.
            </summary>
            <param name="token">The token of the session to discard.</param>
        </member>
        <member name="M:SmartSignal.Com.EPICenter.Service.Client.SessionHelper.LogOff(SmartSignal.Com.EPICenter.Service.Contract.ISessionInformation)">
            <summary>
            Discard a session. Call this when your application is done with its session.
            </summary>
            <param name="session">The session to discard.</param>
        </member>
        <member name="M:SmartSignal.Com.EPICenter.Service.Client.SessionHelper.InstallationInformationRetrieved(SmartSignal.Com.EPICenter.Service.Contract.InstallationInformation)">
            <summary>
            Optional method which allows callers to notify the session helper of
            new installation information.
            </summary>
            <param name="information">Latest installation information for an installation.</param>
        </member>
        <member name="T:SmartSignal.Com.EPICenter.Service.Client.ClientApplication">
            <summary>
            Defines the list of SmartSignal client applications
            </summary>
        </member>
        <member name="F:SmartSignal.Com.EPICenter.Service.Client.ClientApplication.AssetCenter">
            <summary>
            Asset Center
            </summary>
        </member>
        <member name="F:SmartSignal.Com.EPICenter.Service.Client.ClientApplication.BlueprintCenter">
            <summary>
            Blueprint Center
            </summary>
        </member>
        <member name="F:SmartSignal.Com.EPICenter.Service.Client.ClientApplication.ConnectionCenter">
            <summary>
            Connection Center
            </summary>
        </member>
        <member name="F:SmartSignal.Com.EPICenter.Service.Client.ClientApplication.CoreCenter">
            <summary>
            Core Center
            </summary>
        </member>
        <member name="F:SmartSignal.Com.EPICenter.Service.Client.ClientApplication.Gatekeeper">
            <summary>
            Gatekeeper
            </summary>
        </member>
        <member name="F:SmartSignal.Com.EPICenter.Service.Client.ClientApplication.LockdownManager">
            <summary>
            Lockdown Manager
            </summary>
        </member>
        <member name="F:SmartSignal.Com.EPICenter.Service.Client.ClientApplication.Sentinel">
            <summary>
            Sentinel
            </summary>
        </member>
        <member name="F:SmartSignal.Com.EPICenter.Service.Client.ClientApplication.TransferCenter">
            <summary>
            Transfer Center
            </summary>
        </member>
        <member name="F:SmartSignal.Com.EPICenter.Service.Client.ClientApplication.TranslationCenter">
            <summary>
            Translation Center
            </summary>
        </member>
        <member name="F:SmartSignal.Com.EPICenter.Service.Client.ClientApplication.FleetBuildOut">
            <summary>
            Fleet Build Out
            </summary>
        </member>
        <member name="T:SmartSignal.Com.EPICenter.Service.Client.Images">
            <summary>
              A strongly-typed resource class, for looking up localized strings, etc.
            </summary>
        </member>
        <member name="P:SmartSignal.Com.EPICenter.Service.Client.Images.ResourceManager">
            <summary>
              Returns the cached ResourceManager instance used by this class.
            </summary>
        </member>
        <member name="P:SmartSignal.Com.EPICenter.Service.Client.Images.Culture">
            <summary>
              Overrides the current thread's CurrentUICulture property for all
              resource lookups using this strongly typed resource class.
            </summary>
        </member>
        <member name="P:SmartSignal.Com.EPICenter.Service.Client.Images.ApplicationIcon">
            <summary>
              Looks up a localized resource of type System.Drawing.Icon similar to (Icon).
            </summary>
        </member>
        <member name="P:SmartSignal.Com.EPICenter.Service.Client.Images.ConnectionList_Delete">
            <summary>
              Looks up a localized resource of type System.Drawing.Bitmap.
            </summary>
        </member>
        <member name="P:SmartSignal.Com.EPICenter.Service.Client.Images.ConnectionList_MoveToTop">
            <summary>
              Looks up a localized resource of type System.Drawing.Bitmap.
            </summary>
        </member>
        <member name="P:SmartSignal.Com.EPICenter.Service.Client.Images.ConnectionList_Refresh">
            <summary>
              Looks up a localized resource of type System.Drawing.Bitmap.
            </summary>
        </member>
        <member name="P:SmartSignal.Com.EPICenter.Service.Client.Images.ExistingConnectionsBackButton">
            <summary>
              Looks up a localized resource of type System.Drawing.Bitmap.
            </summary>
        </member>
        <member name="P:SmartSignal.Com.EPICenter.Service.Client.Images.ManageServersButton">
            <summary>
              Looks up a localized resource of type System.Drawing.Bitmap.
            </summary>
        </member>
        <member name="P:SmartSignal.Com.EPICenter.Service.Client.Images.MenuToggleClosed">
            <summary>
              Looks up a localized resource of type System.Drawing.Bitmap.
            </summary>
        </member>
        <member name="P:SmartSignal.Com.EPICenter.Service.Client.Images.MenuToggleOpen">
            <summary>
              Looks up a localized resource of type System.Drawing.Bitmap.
            </summary>
        </member>
        <member name="P:SmartSignal.Com.EPICenter.Service.Client.Images.PasswordResetButton">
            <summary>
              Looks up a localized resource of type System.Drawing.Bitmap.
            </summary>
        </member>
        <member name="P:SmartSignal.Com.EPICenter.Service.Client.Images.ServerVerifyConnection">
            <summary>
              Looks up a localized resource of type System.Drawing.Bitmap.
            </summary>
        </member>
        <member name="P:SmartSignal.Com.EPICenter.Service.Client.Images.State_Busy">
            <summary>
              Looks up a localized resource of type System.Drawing.Bitmap.
            </summary>
        </member>
        <member name="P:SmartSignal.Com.EPICenter.Service.Client.Images.State_Error">
            <summary>
              Looks up a localized resource of type System.Drawing.Bitmap.
            </summary>
        </member>
        <member name="P:SmartSignal.Com.EPICenter.Service.Client.Images.State_Information">
            <summary>
              Looks up a localized resource of type System.Drawing.Bitmap.
            </summary>
        </member>
        <member name="P:SmartSignal.Com.EPICenter.Service.Client.Images.State_PasswordChangeRequired">
            <summary>
              Looks up a localized resource of type System.Drawing.Bitmap.
            </summary>
        </member>
        <member name="P:SmartSignal.Com.EPICenter.Service.Client.Images.State_PasswordExpiresSoon">
            <summary>
              Looks up a localized resource of type System.Drawing.Bitmap.
            </summary>
        </member>
        <member name="P:SmartSignal.Com.EPICenter.Service.Client.Images.State_PasswordResetRequest">
            <summary>
              Looks up a localized resource of type System.Drawing.Bitmap.
            </summary>
        </member>
        <member name="P:SmartSignal.Com.EPICenter.Service.Client.Images.State_Success">
            <summary>
              Looks up a localized resource of type System.Drawing.Bitmap.
            </summary>
        </member>
        <member name="P:SmartSignal.Com.EPICenter.Service.Client.Images.State_Warning">
            <summary>
              Looks up a localized resource of type System.Drawing.Bitmap.
            </summary>
        </member>
        <member name="P:SmartSignal.Com.EPICenter.Service.Client.Status.StatusState">
            <summary>
            The logical state indicated by this status.
            </summary>
        </member>
        <member name="P:SmartSignal.Com.EPICenter.Service.Client.Status.Text">
            <summary>
            The text/summary of this status.
            </summary>
        </member>
        <member name="P:SmartSignal.Com.EPICenter.Service.Client.Status.Detail">
            <summary>
            An optional detailed message explaining this status.
            </summary>
        </member>
        <member name="P:SmartSignal.Com.EPICenter.Service.Client.Status.TextAndDetail">
            <summary>
            A formatted combination of the text and detail of this message.
            </summary>
        </member>
        <member name="P:SmartSignal.Com.EPICenter.Service.Client.Status.StateIcon">
            <summary>
            The state icon that should be displayed with this status.
            </summary>
        </member>
        <member name="P:SmartSignal.Com.EPICenter.Service.Client.Status.DisplayedException">
            <summary>
            Get/set the exception displayed in this status object instance.
            </summary>
        </member>
        <member name="T:SmartSignal.Com.EPICenter.Service.Client.TrayHelper">
            <summary>
            Helper methods for interacting with the Tray.
            </summary>
        </member>
        <member name="M:SmartSignal.Com.EPICenter.Service.Client.TrayHelper.GetAutomaticNewConnection">
            <summary>
            If the credentials cache is configured to automatically create new connections,
            calling this will cause the Tray to connect and create a new connection for us.
            If the cache configuration does not allow automatic connections, or if a
            connection cannot be automatically created, this will return null.
            </summary>
        </member>
        <member name="T:SmartSignal.Com.EPICenter.Service.Client.UserServiceResultExtension">
            <summary>
            Extension methods for actions on a <see cref="T:SmartSignal.Com.EPICenter.Service.Contract.UserServiceResult"/>.
            </summary>
        </member>
        <member name="M:SmartSignal.Com.EPICenter.Service.Client.UserServiceResultExtension.PopulateReason(SmartSignal.Com.EPICenter.Service.Contract.UserServiceResult,System.String)">
            <summary>
            Generic wrapper for attempting to create a <see cref="T:SmartSignal.Com.EPICenter.Service.Contract.UserServiceResult"/>
            with a localized <see cref="P:SmartSignal.Com.EPICenter.Service.Contract.UserServiceResult.Reason"/> value populated
            from a resource string.
            </summary>
        </member>
        <member name="T:SmartSignal.Com.EPICenter.Service.Client.UserSettings">
            <summary>Container for user-level settings.</summary>
        </member>
        <member name="M:SmartSignal.Com.EPICenter.Service.Client.UserSettings.InitializeDefaultValues">
            <summary>
            Define default values here. These will be used if the settings file
            is not present, unreadable or malformed. Also, these values will be
            used for new settings which were not present in the settings file
            (and therefore not overridden by a setting in the settings file).
            </summary>
        </member>
        <member name="M:SmartSignal.Com.EPICenter.Service.Client.UserSettings.OnDeserializing(System.Runtime.Serialization.StreamingContext)">
            <summary>
            This method with the data contract markup effectively serves as a 'constructor'
            whenever an instance of this class is created via deserialization. This is
            important for setting default values for any data members in this class which
            are not present in the serialization file and which should have default values
            that are NOT the default for the data type (ex. a Boolean setting which has a 
            default value of true).
            </summary>
            <param name="context"></param>
        </member>
        <member name="M:SmartSignal.Com.EPICenter.Service.Client.UserSettings.HandleException(System.Exception)">
            <summary>
            The base class makes us implement this method.
            </summary>
            <param name="e">See <see cref="T:SmartSignal.Com.EPICenter.Service.Common.ContractXmlHelper"/>.</param>
        </member>
        <member name="P:SmartSignal.Com.EPICenter.Service.Client.UserSettings.SelectedServerId">
            <summary>Unique identifier of the latest selected server.</summary>
        </member>
        <member name="P:SmartSignal.Com.EPICenter.Service.Client.UserSettings.SelectedServerAddress">
            <summary>Network address of the latest selected server.</summary>
        </member>
        <member name="P:SmartSignal.Com.EPICenter.Service.Client.UserSettings.SelectedServerPort">
            <summary>Network port of the latest selected server.</summary>
        </member>
        <member name="P:SmartSignal.Com.EPICenter.Service.Client.UserSettings.LatestServerText">
            <summary>
            Latest text entered in the server box. Useful for re-populating whenever the
            <see cref="P:SmartSignal.Com.EPICenter.Service.Client.UserSettings.SelectedServerId"/> is invalid.
            </summary>
        </member>
        <member name="P:SmartSignal.Com.EPICenter.Service.Client.UserSettings.LatestUserName">
            <summary>
            Latest text entered in the user name box.
            </summary>
        </member>
        <member name="P:SmartSignal.Com.EPICenter.Service.Client.UserSettings.LatestLanguageScopeValue">
            <summary>
            Latest value for language scope.
            </summary>
        </member>
        <member name="P:SmartSignal.Com.EPICenter.Service.Client.UserSettings.DrawUsingCustomColors">
            <summary>
            Determines whether the application uses the configured custom colors
            when rendering the UI.
            </summary>
        </member>
    </members>
</doc>
